📄 读取配置文件：./images.conf
🏷️  目标前缀：swr.ap-southeast-1.myhuaweicloud.com/opencumt
----------------------------------------
🔄 同步: docker://mdcng/mdc:latest → docker://swr.ap-southeast-1.myhuaweicloud.com/opencumt/mdcng/mdc:latest
Getting image list signatures
Copying 4 images generated from 4 images in list
Copying image sha256:3cdfb5f823620620606d5fcc0b7b5a8edf2bc5cacc13c7eb6dab9d2653dd0220 (1/4)
Getting image source signatures
Copying blob sha256:4f4fb700ef54461cfa02571ae0db9a0dc1e0cdb5577484a6d75e68dc38e8acc1
Copying blob sha256:0c6ac2b87b09265a60e104e3d87872d2c15f913cbbfd4d401b5e4b5353e4ced4
Copying blob sha256:c02d17997ce3d2c82e082235ea0b5152d06ee659c4e2fabcf1e0079312f1bcde
Copying blob sha256:c06224db79377a9070235765c986fde15b2056fe616c2808c0cea189aa52876b
Copying blob sha256:e1c9adef44853b9bab15246e8900feaa9b5426d3f5a88411f0aca8a3129a2573
Copying blob sha256:66cc9ecead9d0fe8970f3923a484fcd4fe1fd027fab911d462ca552cd57d5dbf
Copying blob sha256:62ec2e6d87c50b627e27e294cb0aa9ded25e895ad0f43f06928dfcf9c26df5f2
Copying blob sha256:41ec1f5ea7fcab7aadf37b7b7154ddb0dd74db709a1b8ea35f048e951b37a048
Copying blob sha256:4f4fb700ef54461cfa02571ae0db9a0dc1e0cdb5577484a6d75e68dc38e8acc1
Copying blob sha256:f228a4ea6747fc5f40552fb03aa15610cc225c61a41de6f1260f24c1fcdcc308
Copying blob sha256:4f4fb700ef54461cfa02571ae0db9a0dc1e0cdb5577484a6d75e68dc38e8acc1
Copying blob sha256:57db580b6c7f663bd75a7d96390bdfc031279b472c1bad01f2e6739578772b76
Copying blob sha256:1c2e54656f0a5d8b871fe3113da6c4037f97094a34bac8ecbe423113e3cd98ce
Copying config sha256:73ef14dfa135d3a76b5d47e75fa0448cde8bc46b2894ab211ad925215da42b2c
Writing manifest to image destination
Copying image sha256:d8104da46f6f23e0a8f94bcbbcfad12476a9f25538b28abc14373d799eab224c (2/4)
Getting image source signatures
Copying blob sha256:4f4fb700ef54461cfa02571ae0db9a0dc1e0cdb5577484a6d75e68dc38e8acc1
Copying blob sha256:a87c15c864725a8daa5ca1505d5d886e53928b49fa578e7a35dc51a4be5b715d
Copying blob sha256:20454c8e368d7849b8d2669b17f01d47585f0d71a5b683c0c03997c8733f81d2
Copying blob sha256:b6686bd0124e3e3612ac03ec0e58e60f1d86a689763f36ecade62f90a4f8d1ea
Copying blob sha256:9a4c74fb4662b26fe96702c59c427e26bd0489a0a1c1c5960592b029426583e3
Copying blob sha256:33bdc9671af8942d96d2f78f67aeec06580065dde1272decac3732689ec7c0e8
Copying blob sha256:1ae90264fb353a00b366716ffb6a3870b2c80b63f001988ccaafce1ffdb822e9
Copying blob sha256:1d388e7c014ea3fd98d371e0c77ece61250566fac44cd04598422b8b642490aa
Copying blob sha256:4f4fb700ef54461cfa02571ae0db9a0dc1e0cdb5577484a6d75e68dc38e8acc1
Copying blob sha256:701e59bd814e1707d5539d0aa0d53d6b9234276a6664c167f11438f76b5f0c13
Copying blob sha256:4f4fb700ef54461cfa02571ae0db9a0dc1e0cdb5577484a6d75e68dc38e8acc1
Copying blob sha256:d877b6b8415177705d762ed2b12a82b515e4eff1ac91edf0e66f7e6fa5b18c2f
Copying blob sha256:26da3c06467562c61c18b9c26109e22557a695cb78dcdfac432927527966a271
Copying config sha256:8bd1aa096b9d06a874fb1decaf82566b1a66f5596f721088c8444767c0b406e1
Writing manifest to image destination
Copying image sha256:29e353927fdc29bdbab1df7f6b48f89af04af9abe83444a339a0f2dc2759d42d (3/4)
Getting image source signatures
Copying blob sha256:ae2b5e2267114b290e0daa1177ee05f10c2d83db1b847ada31d8b407abdba608
Copying config sha256:e8a915e3a653efb3a7a3d90eb835ac4dbccd448b41b84eac02abf6dfa3b06bf8
Writing manifest to image destination
Copying image sha256:20e3829051f00471e3e2332985eeace1b835706b88b504bb0f9edb09cc81c9ba (4/4)
Getting image source signatures
Copying blob sha256:64341a95b7f5112259fa757fc89079da52e1b54f05d469c13fb750221f560efe
Copying config sha256:7705b3fa547e22077a72a07dddc2593b0341da8c3d8dd22860e38d89319e94df
Writing manifest to image destination
Writing manifest list to image destination
Storing list signatures
✅ 完成: swr.ap-southeast-1.myhuaweicloud.com/opencumt/mdcng/mdc:latest
----------------------------------------
🔄 同步: docker://vaultwarden/server:latest → docker://swr.ap-southeast-1.myhuaweicloud.com/opencumt/vaultwarden/server:latest
Getting image list signatures
Copying 8 images generated from 8 images in list
Copying image sha256:2bb2e0344616c62a6d76ea10558497499f8ed3f731400e143dc7bf17b757b5b9 (1/8)
Getting image source signatures
Copying blob sha256:40f1ac7db3f41602370f83a1c9595f1e868775a41f1a6e7270e3211ebcef9178
Copying blob sha256:6b37362b3da78869050b894b799ad4df04f1f3b52774087db0d81151570244c8
Copying blob sha256:40f0b17de64507641405bce7a2885fb1c78085b615025328ee06a72014a2538d
Copying blob sha256:d7b6e37be08b53480724fb772207fdfc1d75a2d150580c41348a82e7fa52403b
Copying blob sha256:be8cfc29e8e06fb6f20109d0c484fd7d68f47f282da92fb9d0898fc8f28f2470
Copying config sha256:b4312ccf9634e3b5e7044a90ca13169c78b2627c648b81092f0523a5d07fd7f6
Writing manifest to image destination
Copying image sha256:00f339b4f2f491de889a8aa305bc4206f0cbd62597d2174055a4c6b9ef862274 (2/8)
Getting image source signatures
Copying blob sha256:92f8405bedd65f3eae0d3067f8b46d95c6b3602e8184f29cbd99bb5d3a075a53
Copying config sha256:44136fa355b3678a1146ad16f7e8649e94fb4fc21fe77e8310c060f61caaff8a
Writing manifest to image destination
Copying image sha256:3299ca3c8788ba7b518083064d7e743518cf6bcf6cb46efd952acb1e6792998b (3/8)
Getting image source signatures
Copying blob sha256:708376be423ea0f0b1ec0080d93ce6a5d23633e9edbcedf25d9366f59e309a5c
Copying blob sha256:dc701d32f2daf5631c6279a1cd294b65fe4d5ca8effcdfee146eaebb620d784b
Copying blob sha256:e5b789e76ae66f97c699019bb9126fab83d3cfe72a791e804fb90da398f3e3cd
Copying blob sha256:9121ca2c733ed1e136dc1485791030b81ac98d0f9f66d9cd83b343939764bfa9
Copying blob sha256:d7b6e37be08b53480724fb772207fdfc1d75a2d150580c41348a82e7fa52403b
Copying config sha256:6d9bb0e4ba43a134a32fe8fc0c3c17da97004a4ead4d50e8e0b22ada947cf5a8
Writing manifest to image destination
Copying image sha256:0c76ea69babdf663d5d83fa1eaa08ea8ad3fc4ace0c55518d8fa301211875311 (4/8)
Getting image source signatures
Copying blob sha256:1c8a47b2cc445beb899fd4efd264fc0c69bcc0b386a2afcbe54b353a585925ba
Copying config sha256:44136fa355b3678a1146ad16f7e8649e94fb4fc21fe77e8310c060f61caaff8a
Writing manifest to image destination
Copying image sha256:dfaefaea21028ea3024b708330b0aed27c4a448a49a3e174e49962f3e0789fc4 (5/8)
Getting image source signatures
Copying blob sha256:87e6337bfc7753caa680247972bbf46be6eb822425f733ede117d2e74da07ff0
Copying blob sha256:bd36565c0fdebaf0f3af5c3b4ce610ca085ced32e9e9da850d95912f5f18f47b
Copying blob sha256:9d06e42f3c4cb66e3eeaf62e2bc8d25286c5386531efafab3c33916b59de2d38
Copying blob sha256:d7b6e37be08b53480724fb772207fdfc1d75a2d150580c41348a82e7fa52403b
Copying blob sha256:9f511e005cce2955792bea38c8dc88905323af5b05cd5757d9a1c703b0a79bd7
Copying config sha256:faa140d1177106cf8802d06e6c42e607985f7944994e5bd38e2feb5cefa17216
Writing manifest to image destination
Copying image sha256:a4fb290f6bab7155c149057f9fcb87d1ba3c4aa0179ae9c62a51a8c91a54d210 (6/8)
Getting image source signatures
Copying blob sha256:2291b9df23a18db4504d714dd9826a8c1c6b5ba9abb82eab1f6bee58854b4d93
Copying config sha256:44136fa355b3678a1146ad16f7e8649e94fb4fc21fe77e8310c060f61caaff8a
Writing manifest to image destination
Copying image sha256:8e91c0e24d562fc043287265faddea93faa1ed961cfa97862109a9093a4c56dc (7/8)
Getting image source signatures
Copying blob sha256:2f467525ccb7de5a56e468d1a14c0cfe90ade1663a21ceab151ce52a314ff0b3
Copying blob sha256:e5b789e76ae66f97c699019bb9126fab83d3cfe72a791e804fb90da398f3e3cd
Copying blob sha256:b0ba2ec0ed0d4536fccb992d9560d68edc917e962a1658bfd205540402549645
Copying blob sha256:d7b6e37be08b53480724fb772207fdfc1d75a2d150580c41348a82e7fa52403b
Copying blob sha256:6779b1da15e3aae8ffc697263f547a05eaff7ea80f63924ba5376253a6f3a12b
Copying config sha256:86a369a31a6496452b1f34222cb6a5342131b026c2e56e5969f92ee9633662ec
Writing manifest to image destination
Copying image sha256:633448888d5c848fd1735c426e6d873ce310ce54bcd2b9ba0ee296fc45f80899 (8/8)
Getting image source signatures
Copying blob sha256:c9c43496ecee44a502c0e5a8b109921e428baac35a5fbcd6a593a684c89ec555
Copying config sha256:44136fa355b3678a1146ad16f7e8649e94fb4fc21fe77e8310c060f61caaff8a
Writing manifest to image destination
Writing manifest list to image destination
Storing list signatures
✅ 完成: swr.ap-southeast-1.myhuaweicloud.com/opencumt/vaultwarden/server:latest
----------------------------------------
🔄 同步: docker://calciumion/new-api:latest → docker://swr.ap-southeast-1.myhuaweicloud.com/opencumt/calciumion/new-api:latest
Getting image list signatures
Copying 4 images generated from 4 images in list
Copying image sha256:e6717e2df34a5aefbb01c84e3916a53bab75a6e2414206db45859c4af3e04815 (1/4)
Getting image source signatures
Copying blob sha256:5d34d52686b4d307413e5fa479bdfce739eb5b6ec1352af0606ed5d3edc31674
Copying blob sha256:6db0909c4473287ed4d1f950d26b8bc5b7b4206d365a0e7740cb89e46979153e
Copying blob sha256:a110fdba76e226e200a645f5de0870ed59a18541102d8a2993b4d9babc1c1dde
Copying blob sha256:f1516b78919c21ada5edb6d760e711a97899674fbd860e82351deaaab8a083db
Copying blob sha256:5bb33d6a952158c0587cfc5f6f5b1f5ccc1f5da0037deebce86d09240d398af4
Copying config sha256:4b25e617ed356b1dd22c16b1a6f02f2b194f04f6dabc1b4831a97f9451d73303
Writing manifest to image destination
Copying image sha256:50af178f46841338f69d5c746f932237d74c06fa95ee7d04f9c92bcb95a6a7b0 (2/4)
Getting image source signatures
Copying blob sha256:5187d3cfb03a0fc657a7f14b6233064eca82a4496b9fe14ee550b847be25a0ba
Copying blob sha256:75ea7824a7412a5ab42943156086af3f0b187d2a55726bfce3b2f00cdd6626cf
Copying config sha256:44136fa355b3678a1146ad16f7e8649e94fb4fc21fe77e8310c060f61caaff8a
Writing manifest to image destination
Copying image sha256:4c26058c72593a4faef96616f2fed7d5960fe82ad3642127f1d203e4ac6f6d8c (3/4)
Getting image source signatures
Copying blob sha256:d997cc310c981ac52155d0d9fe28888b261a7746a3877bb0ca848fd1a83d319a
Copying blob sha256:3e0ea1fcc3f7622551033916a5f0ffeb5b3b13d325ad550ec4b67a1d444ff60d
Copying blob sha256:3990f6bf249766467cf69e5caf12b6bb073607595474537016bcff0ab78b4c1e
Copying blob sha256:22c6b76feb15517a2aa42add362a4ee1b63632c43a3c298ebd329de53918f33d
Copying blob sha256:5bd65e1fb36702cc8c804c861fd6ea2d8fdf87d1bf5c3cd4bde519eef50bd393
Copying config sha256:93867889b15b2a9ebe5a1be63d49b7298139a9d5151e2c21dd21444c4441346b
Writing manifest to image destination
Copying image sha256:11589ea37c00f0f8b65c080c0cdb699aadc8bd006dabefc697849d660031b133 (4/4)
Getting image source signatures
Copying blob sha256:8a15c5d8ee51a28d829570effbfb808b73bd18e31f6c445b99a9107cf30e9960
Copying blob sha256:a96bc9afe9210bebb49aefe32f89befb6d09d33dff20f8fc3ba3856cfd3ca6f1
Copying config sha256:44136fa355b3678a1146ad16f7e8649e94fb4fc21fe77e8310c060f61caaff8a
Writing manifest to image destination
Writing manifest list to image destination
Storing list signatures
✅ 完成: swr.ap-southeast-1.myhuaweicloud.com/opencumt/calciumion/new-api:latest
----------------------------------------
🔄 同步: docker://eceasy/cli-proxy-api:latest → docker://swr.ap-southeast-1.myhuaweicloud.com/opencumt/eceasy/cli-proxy-api:latest
Getting image list signatures
Copying 4 images generated from 4 images in list
Copying image sha256:f7b56184a6a7e36a0169e4e7a5be18f81e33c5b102a402b1a387f4191d9a00fa (1/4)
Getting image source signatures
Copying blob sha256:4f4fb700ef54461cfa02571ae0db9a0dc1e0cdb5577484a6d75e68dc38e8acc1
Copying blob sha256:a99461c86969d4632ac640a3077babc64b6a1da2589efaac7b268f9072f4cacf
Copying blob sha256:eaac70c68abdf6ffacf6de10d31ed9de4813505d1a794eb7393cb27fceb624a6
Copying blob sha256:72ee45209fd14fbbefaf4efc81e63e01840567ebd5f3eaaa63ccceb00546bcd6
Copying blob sha256:e08115fe660bc266d4914e8987db6077994048af83fef079ad4a85d2ec4ee920
Copying blob sha256:e63b80801cbcedb782b7e1e2f219050ef05778a9b1ac89c39800f84863f00a25
Copying blob sha256:e6e6003c06f14816856c89aa1a37d0c329aacf9c14e75cc73cb5e6ffd1ad717f
Copying config sha256:5817331fda216587bb07616a993fec24341506daf0fddad4f1efc7e6b528cc1c
Writing manifest to image destination
Copying image sha256:07b31ef6145132e68100c02454cb4ab9015fa467b94f6bb80f2ea25559142376 (2/4)
Getting image source signatures
Copying blob sha256:929179c79ffa66970a7dd6b563f3882a16f2cbca74a2ac678d9a7d7c206b12d3
Copying config sha256:44136fa355b3678a1146ad16f7e8649e94fb4fc21fe77e8310c060f61caaff8a
Writing manifest to image destination
Copying image sha256:57cc4200e355bac8ef066eb90ced353a576ce96421321db65500517f29f4803a (3/4)
Getting image source signatures
Copying blob sha256:79b7cb7ac713de212523af1901548243c32208b316a862aa9d14f9f1c7bb8ca0
Copying blob sha256:880d77569b887667dc5811e310e3dd6f652534b41ad4db1f208b4615278ca36b
Copying blob sha256:7151d184f0a0aaaf5412b45f9f54e22cbd1fd68e7e821db3589b68b15e12bac7
Copying blob sha256:450fe15cad1eddfa7c19e4191f4de2d5c46b0c201ddee1db8d6f41d2fec7a742
Copying blob sha256:8896fb34a481e5527c8e8abd441d522996a49e75f529f66dcc181106f47f5aed
Copying blob sha256:4f4fb700ef54461cfa02571ae0db9a0dc1e0cdb5577484a6d75e68dc38e8acc1
Copying blob sha256:ee98ae002232d6d6a85dc63448ae1c5b7906b9b12c3d24955c2f0a9008ece2de
Copying config sha256:93f380fcab00e387f682e0c9e789a996a8f947786375bdfdd269bc3b45285a44
Writing manifest to image destination
Copying image sha256:8a033385c6ffbc95f9f496b229f4b757867b22c14f0facc403025f4d2883e3d8 (4/4)
Getting image source signatures
Copying blob sha256:e1d814d5e9e984e03a9a5cd463f95ff9df18d9f5c073b9d95e74fa163949d3c7
Copying config sha256:44136fa355b3678a1146ad16f7e8649e94fb4fc21fe77e8310c060f61caaff8a
Writing manifest to image destination
Writing manifest list to image destination
Storing list signatures
✅ 完成: swr.ap-southeast-1.myhuaweicloud.com/opencumt/eceasy/cli-proxy-api:latest
----------------------------------------
🔄 同步: docker://ghcr.io/xtls/xray-core:latest → docker://swr.ap-southeast-1.myhuaweicloud.com/opencumt/ghcr.io/xtls/xray-core:latest
Getting image list signatures
Copying 9 images generated from 9 images in list
Copying image sha256:4198aa816f04eeacde6470f4f07947eb4f701a1bba3657e366636681eaae5855 (1/9)
Getting image source signatures
Copying blob sha256:2780920e5dbfbe103d03a583ed75345306e572ec5a48cb10361f046767d9f29a
Copying blob sha256:c172f21841dff4c8cf45cde46589c1c2616cefe7e819965e92e6d3475c428aa0
Copying blob sha256:b4242723c53fe4e094eb78569a2c15b6aafb8eb42aa9c3c2666130654a316ae2
Copying blob sha256:fa8ae93e2b3a7478248483e942ff665efa7219c6cd72d7a03c775372076e98dc
Copying blob sha256:b4e6f1bfce0a1fba2b5421041552f4a897aada9cd5680926580f9e2c6247a7ae
Copying blob sha256:d6b1b89eccacc15c2420b2776d72c1dae334a00805ed9af54bf2f71e4d536f28
Copying blob sha256:7c12895b777bcaa8ccae0605b4de635b68fc32d60fa08f421dc3818bf55ee212
Copying blob sha256:3214acf345c0cc6bbdb56b698a41ccdefc624a09d6beb0d38b5de0b2303ecaf4
Copying blob sha256:52630fc75a18675c530ed9eba5f55eca09b03e91bd5bc15307918bbc1a7e7296
Copying blob sha256:dd64bf2dd177757451a98fcdc999a339c35dee5d9872d8f4dc69c8f3c4dd0112
Copying blob sha256:b839dfae01f66e15c6a8b63520557ed315bdfe036342fa7a0c537259f10d7a9a
Copying blob sha256:ebddc55facdc6b1f7e0f30816a5fc7cc62f38abdf76c0a8b0a0ce52085754795
Copying blob sha256:bdfd7f7e5bf6fc27e70b59101db21c3d8284d283884419dd5fe7020583bb79ca
Copying blob sha256:0806f59cce797471a26bdbcedce4f50414ed65c5f37e04c8e91f7702e7a88265
Copying blob sha256:f4f7d67ff5d06a0cfc189f4643751329c53cfd572d38ced7e8508734d4ec4d06
Copying blob sha256:fc6dedd71452171603d8856713150077d19ebb0e2f93211e30cc90fa4de3345d
Copying blob sha256:716e39d693c589d5f70ba15b802ef3b6829df35b1e91a57904ab211730893d10
Copying blob sha256:6133469a1a808c606f279fb40a4989195564ec3c2be08cf2226cf293dba5374c
Copying blob sha256:ad3828ff3e4baad6c0ae2410c3180d474d4a57d97224f082a8d513a4ff8841c4
Copying blob sha256:b49366f00fecaa5a2404f67ffa65d829b3040a138ec398f6e1edc9d1ac7485c7
Copying config sha256:695c08e5627556d1286f43ae3aeb370679d27b969ba0d5bb3dfe288746a5dde9
Writing manifest to image destination
Copying image sha256:a1b0e005664fb9f4274634186bc32db0abd78c9d4015ff4c9316bd810c9da333 (2/9)
Getting image source signatures
Copying blob sha256:2780920e5dbfbe103d03a583ed75345306e572ec5a48cb10361f046767d9f29a
Copying blob sha256:255abb4d1d2a7c263b0a70b3dac69b0f1fcb15d41efd00d3e96b6d6a920c92df
Copying blob sha256:b4e6f1bfce0a1fba2b5421041552f4a897aada9cd5680926580f9e2c6247a7ae
Copying blob sha256:d6b1b89eccacc15c2420b2776d72c1dae334a00805ed9af54bf2f71e4d536f28
Copying blob sha256:b4242723c53fe4e094eb78569a2c15b6aafb8eb42aa9c3c2666130654a316ae2
Copying blob sha256:c172f21841dff4c8cf45cde46589c1c2616cefe7e819965e92e6d3475c428aa0
Copying blob sha256:7c12895b777bcaa8ccae0605b4de635b68fc32d60fa08f421dc3818bf55ee212
Copying blob sha256:3214acf345c0cc6bbdb56b698a41ccdefc624a09d6beb0d38b5de0b2303ecaf4
Copying blob sha256:52630fc75a18675c530ed9eba5f55eca09b03e91bd5bc15307918bbc1a7e7296
Copying blob sha256:dd64bf2dd177757451a98fcdc999a339c35dee5d9872d8f4dc69c8f3c4dd0112
Copying blob sha256:b839dfae01f66e15c6a8b63520557ed315bdfe036342fa7a0c537259f10d7a9a
Copying blob sha256:ebddc55facdc6b1f7e0f30816a5fc7cc62f38abdf76c0a8b0a0ce52085754795
Copying blob sha256:bdfd7f7e5bf6fc27e70b59101db21c3d8284d283884419dd5fe7020583bb79ca
Copying blob sha256:27d534936fb819906fc79480f3225c418d7876ad0ca87e7fcd4e323de9f5c040
Copying blob sha256:07dee12c71b0e755c6564988c3fbc0f9b4f86975fc51d6a6b4df278d212b18b3
Copying blob sha256:2c544c64bcdc5ad59d80883396d430b94268d0d5ae7acc4afc4e1a5097795de7
Copying blob sha256:74f1a287667338e26bf10776e745b8bd8b93dc82d33b685e6eb77d011c7b342d
Copying blob sha256:df7393010be5c3f2b28e57924c3a7c17ff079d20c744c0c2581005e6e847891e
Copying blob sha256:50459c107a7ee50ed2d007954134217e5a8cf826483ff9c0ad2c70c136aa3d2e
Copying blob sha256:caf618a6c6fadaa7b961cbd03389300ff92e12b250faa60a92aeef5a3acb1817
Copying config sha256:45a1e75c820052191ba906a933c0c279f56db15e3c9342a9e0e108906d8b11d3
Writing manifest to image destination
Copying image sha256:79f798b6a130132414c45773bc039e9e51b9694f2dd5ddf99083353ece168f48 (3/9)
Getting image source signatures
Copying blob sha256:c172f21841dff4c8cf45cde46589c1c2616cefe7e819965e92e6d3475c428aa0
Copying blob sha256:b4e6f1bfce0a1fba2b5421041552f4a897aada9cd5680926580f9e2c6247a7ae
Copying blob sha256:b4242723c53fe4e094eb78569a2c15b6aafb8eb42aa9c3c2666130654a316ae2
Copying blob sha256:d6b1b89eccacc15c2420b2776d72c1dae334a00805ed9af54bf2f71e4d536f28
Copying blob sha256:0e7df641b9650fff27219d95215561d9505c24acf5bb919c101091aaf45c9b6b
Copying blob sha256:2780920e5dbfbe103d03a583ed75345306e572ec5a48cb10361f046767d9f29a
Copying blob sha256:7c12895b777bcaa8ccae0605b4de635b68fc32d60fa08f421dc3818bf55ee212
Copying blob sha256:3214acf345c0cc6bbdb56b698a41ccdefc624a09d6beb0d38b5de0b2303ecaf4
Copying blob sha256:52630fc75a18675c530ed9eba5f55eca09b03e91bd5bc15307918bbc1a7e7296
Copying blob sha256:dd64bf2dd177757451a98fcdc999a339c35dee5d9872d8f4dc69c8f3c4dd0112
Copying blob sha256:b839dfae01f66e15c6a8b63520557ed315bdfe036342fa7a0c537259f10d7a9a
Copying blob sha256:ebddc55facdc6b1f7e0f30816a5fc7cc62f38abdf76c0a8b0a0ce52085754795
Copying blob sha256:bdfd7f7e5bf6fc27e70b59101db21c3d8284d283884419dd5fe7020583bb79ca
Copying blob sha256:3a28144f5a7fd48b21ee36b6c0bb5bd946d9f6ede3d286f492851eb277e8cdc4
Copying blob sha256:f4f7d67ff5d06a0cfc189f4643751329c53cfd572d38ced7e8508734d4ec4d06
Copying blob sha256:fc6dedd71452171603d8856713150077d19ebb0e2f93211e30cc90fa4de3345d
Copying blob sha256:716e39d693c589d5f70ba15b802ef3b6829df35b1e91a57904ab211730893d10
Copying blob sha256:2973394c53e5a526f7cac7456844a4068cfd5779ed570185033ae72117845e03
Copying blob sha256:ad3828ff3e4baad6c0ae2410c3180d474d4a57d97224f082a8d513a4ff8841c4
Copying blob sha256:b49366f00fecaa5a2404f67ffa65d829b3040a138ec398f6e1edc9d1ac7485c7
Copying config sha256:0952858f46b6d459abbcec08cc8a2632c0fd7863df95770080677afd5b9454f6
Writing manifest to image destination
Copying image sha256:070696c73f2f06ebe05dc37daf107dcc89f9ddd2f9f53d2609c4aa9c62cf54c3 (4/9)
Getting image source signatures
Copying blob sha256:c172f21841dff4c8cf45cde46589c1c2616cefe7e819965e92e6d3475c428aa0
Copying blob sha256:b4e6f1bfce0a1fba2b5421041552f4a897aada9cd5680926580f9e2c6247a7ae
Copying blob sha256:dba2fcc9f1d6d4d9afa9e913256f9cff8ef48205a32b8008dbc6ea0cd98fd906
Copying blob sha256:b4242723c53fe4e094eb78569a2c15b6aafb8eb42aa9c3c2666130654a316ae2
Copying blob sha256:d6b1b89eccacc15c2420b2776d72c1dae334a00805ed9af54bf2f71e4d536f28
Copying blob sha256:2780920e5dbfbe103d03a583ed75345306e572ec5a48cb10361f046767d9f29a
Copying blob sha256:7c12895b777bcaa8ccae0605b4de635b68fc32d60fa08f421dc3818bf55ee212
Copying blob sha256:3214acf345c0cc6bbdb56b698a41ccdefc624a09d6beb0d38b5de0b2303ecaf4
Copying blob sha256:52630fc75a18675c530ed9eba5f55eca09b03e91bd5bc15307918bbc1a7e7296
Copying blob sha256:dd64bf2dd177757451a98fcdc999a339c35dee5d9872d8f4dc69c8f3c4dd0112
Copying blob sha256:b839dfae01f66e15c6a8b63520557ed315bdfe036342fa7a0c537259f10d7a9a
Copying blob sha256:ebddc55facdc6b1f7e0f30816a5fc7cc62f38abdf76c0a8b0a0ce52085754795
Copying blob sha256:bdfd7f7e5bf6fc27e70b59101db21c3d8284d283884419dd5fe7020583bb79ca
Copying blob sha256:2063a236decb074f863d6f87e7436e92f87d5e1ed087152b38eab01b239cf96a
Copying blob sha256:88f730c3b275bcccfb593541f27e459467e28a6fc80355896ec383e9d9b05b5d
Copying blob sha256:e7617645e087312186a7686208f93de75c96f006c190fb3ad27ce705f1faeb4e
Copying blob sha256:fbac2e7edff1a7a6bf9494e16e16383068b6d5d67cdc4f02aba88cd794bd3dab
Copying blob sha256:54f27a852cf29c2bb0c0d9ba93d8d63090bdcb806a98a4d86d6f6929bad588fb
Copying blob sha256:ad3828ff3e4baad6c0ae2410c3180d474d4a57d97224f082a8d513a4ff8841c4
Copying blob sha256:b49366f00fecaa5a2404f67ffa65d829b3040a138ec398f6e1edc9d1ac7485c7
Copying config sha256:b675f2a479869fff949f27afd373f3ce1975b65a0eddeb61c04bd8d5bc3df8e4
Writing manifest to image destination
Copying image sha256:5364ff6ff671013af12387c9b5928fc3d136fc7ae986889966eca26f131215fe (5/9)
Getting image source signatures
Copying blob sha256:2780920e5dbfbe103d03a583ed75345306e572ec5a48cb10361f046767d9f29a
Copying blob sha256:c172f21841dff4c8cf45cde46589c1c2616cefe7e819965e92e6d3475c428aa0
Copying blob sha256:b4242723c53fe4e094eb78569a2c15b6aafb8eb42aa9c3c2666130654a316ae2
Copying blob sha256:a4699e6a891fd51adc380fd7da2de87b81fe17edf633acf05b0e927a6f41ab0e
Copying blob sha256:d6b1b89eccacc15c2420b2776d72c1dae334a00805ed9af54bf2f71e4d536f28
Copying blob sha256:b4e6f1bfce0a1fba2b5421041552f4a897aada9cd5680926580f9e2c6247a7ae
Copying blob sha256:7c12895b777bcaa8ccae0605b4de635b68fc32d60fa08f421dc3818bf55ee212
Copying blob sha256:3214acf345c0cc6bbdb56b698a41ccdefc624a09d6beb0d38b5de0b2303ecaf4
Copying blob sha256:52630fc75a18675c530ed9eba5f55eca09b03e91bd5bc15307918bbc1a7e7296
Copying blob sha256:dd64bf2dd177757451a98fcdc999a339c35dee5d9872d8f4dc69c8f3c4dd0112
Copying blob sha256:b839dfae01f66e15c6a8b63520557ed315bdfe036342fa7a0c537259f10d7a9a
Copying blob sha256:ebddc55facdc6b1f7e0f30816a5fc7cc62f38abdf76c0a8b0a0ce52085754795
Copying blob sha256:bdfd7f7e5bf6fc27e70b59101db21c3d8284d283884419dd5fe7020583bb79ca
Copying blob sha256:83c22223a9eb3e1af0e24e2a6133f97e0cd6610446b273ec73d2e6a5932d4601
Copying blob sha256:1e77d8919d36da85003311284a34db4958392f0e86163be1a58feed7fb5ae6f7
Copying blob sha256:3f4230a3b0ded6fb516045c0de4f7f3b0eb04c2643851314e760855616c03b46
Copying blob sha256:4519b4426c79e3fbdc1b301ed2d0a243dd6a068e819719eb02b0283788c43db2
Copying blob sha256:8277e3b86df2b4a5cd98def6ba9f7aa2b7b4f36175247cf6b966e521ee315561
Copying blob sha256:0bc37c6bcc4adc5b2567dcf2a95eb9c04ee4aa7764ad2abe418f5511c578cc01
Copying blob sha256:c8acce33419d6367f87b59963ba32bf3238a2871b21e1a92c3cc6023b915728a
Copying config sha256:2accef3612a6fc4b42e6ac24aa63cffd041477508cdf8f0d20af77634e03e149
Writing manifest to image destination
Copying image sha256:46d873915dcdeecaba85265b9357dc3b07ea46c0cb3a2c73c4fc7797ca44b6b8 (6/9)
Getting image source signatures
Copying blob sha256:2780920e5dbfbe103d03a583ed75345306e572ec5a48cb10361f046767d9f29a
Copying blob sha256:fa8ae93e2b3a7478248483e942ff665efa7219c6cd72d7a03c775372076e98dc
Copying blob sha256:b4242723c53fe4e094eb78569a2c15b6aafb8eb42aa9c3c2666130654a316ae2
Copying blob sha256:d6b1b89eccacc15c2420b2776d72c1dae334a00805ed9af54bf2f71e4d536f28
Copying blob sha256:b4e6f1bfce0a1fba2b5421041552f4a897aada9cd5680926580f9e2c6247a7ae
Copying blob sha256:c172f21841dff4c8cf45cde46589c1c2616cefe7e819965e92e6d3475c428aa0
Copying blob sha256:7c12895b777bcaa8ccae0605b4de635b68fc32d60fa08f421dc3818bf55ee212
Copying blob sha256:3214acf345c0cc6bbdb56b698a41ccdefc624a09d6beb0d38b5de0b2303ecaf4
Copying blob sha256:52630fc75a18675c530ed9eba5f55eca09b03e91bd5bc15307918bbc1a7e7296
Copying blob sha256:dd64bf2dd177757451a98fcdc999a339c35dee5d9872d8f4dc69c8f3c4dd0112
Copying blob sha256:b839dfae01f66e15c6a8b63520557ed315bdfe036342fa7a0c537259f10d7a9a
Copying blob sha256:ebddc55facdc6b1f7e0f30816a5fc7cc62f38abdf76c0a8b0a0ce52085754795
Copying blob sha256:bdfd7f7e5bf6fc27e70b59101db21c3d8284d283884419dd5fe7020583bb79ca
Copying blob sha256:c9b9e76b8e20388629e2b3d694d48d78ba4b3b87128e2f386f2e3eaa3890614f
Copying blob sha256:a964db24f7300d1838a4f3857b6c4ed6c09484544756440859229373a8bfc32d
Copying blob sha256:274e89b6338705ac6fa22ba61ee8782ee9f9e3f58e04457f7cc4da67b081f31a
Copying blob sha256:09cf01199a462b6e7fa2128aaca5968827e6a09687696e7b1307a12d24475842
Copying blob sha256:e1dd0510d5cf6dccdfddeb076e6ef435f0d6e9b8980f97fd7a680b23387b458e
Copying blob sha256:861abd4a1ecc64f65a8737814622d617b550c97efb11dcf031bd0be78383e302
Copying blob sha256:c8ac2c4ed645c519e0af3cfc849e6501c63ac6f6f4d451ecc3eb8a8b8720383d
Copying config sha256:62cd523218c042813a317f590b0f125dd62a2b393249b0df5a1da3555ff87311
Writing manifest to image destination
Copying image sha256:925b56e149fb675e295b78258c078af053819a8acf251a54e957c759e14b17e9 (7/9)
Getting image source signatures
Copying blob sha256:2780920e5dbfbe103d03a583ed75345306e572ec5a48cb10361f046767d9f29a
Copying blob sha256:d6b1b89eccacc15c2420b2776d72c1dae334a00805ed9af54bf2f71e4d536f28
Copying blob sha256:c172f21841dff4c8cf45cde46589c1c2616cefe7e819965e92e6d3475c428aa0
Copying blob sha256:fa8ae93e2b3a7478248483e942ff665efa7219c6cd72d7a03c775372076e98dc
Copying blob sha256:b4e6f1bfce0a1fba2b5421041552f4a897aada9cd5680926580f9e2c6247a7ae
Copying blob sha256:b4242723c53fe4e094eb78569a2c15b6aafb8eb42aa9c3c2666130654a316ae2
Copying blob sha256:7c12895b777bcaa8ccae0605b4de635b68fc32d60fa08f421dc3818bf55ee212
Copying blob sha256:3214acf345c0cc6bbdb56b698a41ccdefc624a09d6beb0d38b5de0b2303ecaf4
Copying blob sha256:52630fc75a18675c530ed9eba5f55eca09b03e91bd5bc15307918bbc1a7e7296
Copying blob sha256:dd64bf2dd177757451a98fcdc999a339c35dee5d9872d8f4dc69c8f3c4dd0112
Copying blob sha256:b839dfae01f66e15c6a8b63520557ed315bdfe036342fa7a0c537259f10d7a9a
Copying blob sha256:ebddc55facdc6b1f7e0f30816a5fc7cc62f38abdf76c0a8b0a0ce52085754795
Copying blob sha256:bdfd7f7e5bf6fc27e70b59101db21c3d8284d283884419dd5fe7020583bb79ca
Copying blob sha256:6946fdab8a23155be41e59bf937bee8eafacb2c21bfb5eb9450c66bba1c67a24
Copying blob sha256:fcd609f372dc89263aadc8e29394128aac696148c386a99978d9e7c2d4c742fd
Copying blob sha256:210479a485526e16588955c807939563d22abdacad957a2d4b0541669cf4a3b1
Copying blob sha256:1648735030b90a8719c231852597f0868a39ab8ccaef933f77ad89a972371e37
Copying blob sha256:1b2bc34a461cabf43b1a9347a91052c7237366c2b31f04488676e109ea82b5bf
Copying blob sha256:548ca01e8b88db58a39e16c66450cb9e8073071715559cf2c1bf4c4916a48b3f
Copying blob sha256:a414dd1b1b2c98fac2df3fa4feb8d657736879f13de1f1b23e30e68c053c8b88
Copying config sha256:9b0991322e25c7bb20fc7ad346e4e4afc631434cd55fe2dcf0424afeb6f92fbe
Writing manifest to image destination
Copying image sha256:75e371416fb7854c56f9d6470a128cc9a5647638b0ede1a0cf46f9bfcdf43aa6 (8/9)
Getting image source signatures
Copying blob sha256:2780920e5dbfbe103d03a583ed75345306e572ec5a48cb10361f046767d9f29a
Copying blob sha256:c172f21841dff4c8cf45cde46589c1c2616cefe7e819965e92e6d3475c428aa0
Copying blob sha256:fa8ae93e2b3a7478248483e942ff665efa7219c6cd72d7a03c775372076e98dc
Copying blob sha256:b4242723c53fe4e094eb78569a2c15b6aafb8eb42aa9c3c2666130654a316ae2
Copying blob sha256:b4e6f1bfce0a1fba2b5421041552f4a897aada9cd5680926580f9e2c6247a7ae
Copying blob sha256:d6b1b89eccacc15c2420b2776d72c1dae334a00805ed9af54bf2f71e4d536f28
Copying blob sha256:7c12895b777bcaa8ccae0605b4de635b68fc32d60fa08f421dc3818bf55ee212
Copying blob sha256:3214acf345c0cc6bbdb56b698a41ccdefc624a09d6beb0d38b5de0b2303ecaf4
Copying blob sha256:52630fc75a18675c530ed9eba5f55eca09b03e91bd5bc15307918bbc1a7e7296
Copying blob sha256:dd64bf2dd177757451a98fcdc999a339c35dee5d9872d8f4dc69c8f3c4dd0112
Copying blob sha256:b839dfae01f66e15c6a8b63520557ed315bdfe036342fa7a0c537259f10d7a9a
Copying blob sha256:ebddc55facdc6b1f7e0f30816a5fc7cc62f38abdf76c0a8b0a0ce52085754795
Copying blob sha256:bdfd7f7e5bf6fc27e70b59101db21c3d8284d283884419dd5fe7020583bb79ca
Copying blob sha256:bb0fb5c8f64ae44c23e1e4faf120fce3372d12db777fad2d42132333193c6a10
Copying blob sha256:8250b352a73978d2d73d0ae124a453220db9bb95bfaee8e16621833297939171
Copying blob sha256:d542b8a6bf7218b1bede17ef3ebb185edb4d9de3376357fb4cf78c3a3342ab10
Copying blob sha256:712cf6baf0c78a6de869c495dbd429e4187a1d1d8261ad9067f1a5e0137f8621
Copying blob sha256:7d7e8b26c6d444265bdb69b499fae0c0da2bb5ff5633a6a991afce2e20decfe8
Copying blob sha256:7a95b6685eb6feea7482cc391861395be30cb138bd69a19e77273d9179dd8f5e
Copying blob sha256:ef5c1ab36d191123f5a9f849a2159939937a00f7cbc36894d409146ae29bec76
Copying config sha256:c637b38e93a52b34f897ca4b94292e6825f166b70c18fd19c38fd1caf8e855f8
Writing manifest to image destination
Copying image sha256:8ef7941846695c5cb48e306c1e342beb733a2d8ed7152616fca31c62fa787877 (9/9)
Getting image source signatures
Copying blob sha256:2780920e5dbfbe103d03a583ed75345306e572ec5a48cb10361f046767d9f29a
Copying blob sha256:c172f21841dff4c8cf45cde46589c1c2616cefe7e819965e92e6d3475c428aa0
Copying blob sha256:b4242723c53fe4e094eb78569a2c15b6aafb8eb42aa9c3c2666130654a316ae2
Copying blob sha256:fa8ae93e2b3a7478248483e942ff665efa7219c6cd72d7a03c775372076e98dc
Copying blob sha256:b4e6f1bfce0a1fba2b5421041552f4a897aada9cd5680926580f9e2c6247a7ae
Copying blob sha256:d6b1b89eccacc15c2420b2776d72c1dae334a00805ed9af54bf2f71e4d536f28
Copying blob sha256:7c12895b777bcaa8ccae0605b4de635b68fc32d60fa08f421dc3818bf55ee212
Copying blob sha256:3214acf345c0cc6bbdb56b698a41ccdefc624a09d6beb0d38b5de0b2303ecaf4
Copying blob sha256:52630fc75a18675c530ed9eba5f55eca09b03e91bd5bc15307918bbc1a7e7296
Copying blob sha256:dd64bf2dd177757451a98fcdc999a339c35dee5d9872d8f4dc69c8f3c4dd0112
Copying blob sha256:b839dfae01f66e15c6a8b63520557ed315bdfe036342fa7a0c537259f10d7a9a
Copying blob sha256:ebddc55facdc6b1f7e0f30816a5fc7cc62f38abdf76c0a8b0a0ce52085754795
Copying blob sha256:bdfd7f7e5bf6fc27e70b59101db21c3d8284d283884419dd5fe7020583bb79ca
Copying blob sha256:d674bc63e351b2abbcd9361b8508243069bbc9ce4986446e750a63ac683e8f6d
Copying blob sha256:8250b352a73978d2d73d0ae124a453220db9bb95bfaee8e16621833297939171
Copying blob sha256:d542b8a6bf7218b1bede17ef3ebb185edb4d9de3376357fb4cf78c3a3342ab10
Copying blob sha256:712cf6baf0c78a6de869c495dbd429e4187a1d1d8261ad9067f1a5e0137f8621
Copying blob sha256:00d6e4bc4c6bd36a015e075357d49cd0c56eb5674c1f6ddfc4d62eaf056e5238
Copying blob sha256:7a95b6685eb6feea7482cc391861395be30cb138bd69a19e77273d9179dd8f5e
Copying blob sha256:ef5c1ab36d191123f5a9f849a2159939937a00f7cbc36894d409146ae29bec76
Copying config sha256:45e16457068ae9c22e0f46b62b4beced58ff362748c0b7885352f0a67e9e7831
Writing manifest to image destination
Writing manifest list to image destination
Storing list signatures
✅ 完成: swr.ap-southeast-1.myhuaweicloud.com/opencumt/ghcr.io/xtls/xray-core:latest
----------------------------------------
🔄 同步: docker://kopia/kopia:latest → docker://swr.ap-southeast-1.myhuaweicloud.com/opencumt/kopia/kopia:latest
Getting image list signatures
Copying 6 images generated from 6 images in list
Copying image sha256:83d8bc7bce313dd8b2c17771b5f3f804e18e79ad7d7cc6bc994ff5872374794d (1/6)
Getting image source signatures
Copying blob sha256:626109b0dcffb36c97a78a269803ba99cc32a153272884e6928522c9f0319a78
Copying blob sha256:40d16f30db405106ef8074779bdf41f012465c2a785bbeaa2eab9f2081099b47
Copying blob sha256:d49c2bb4415a693c234fb857532c39ca7d2b2e86dbeef488837e9b1774443c10
Copying blob sha256:bf842aa19dc623f0b5ee9594e7bd94a1d5adb4c481ffe11dd77cc7ff44c644bb
Copying blob sha256:ebbbfff261646eeb08fc8c29c3e895f2888ac1b93a6fe49038c27236cc1ae035
Copying config sha256:3033ab0726ec64ff091d7f584f52987390e59eb7d30ca16bd36fcdc34c58ad96
Writing manifest to image destination
Copying image sha256:df0c8a203511eb4dfe985a5e189dc74d542c2eb72ce5006b2ba021edb5c4cd5f (2/6)
Getting image source signatures
Copying blob sha256:1aab25965f465bb7c8d0a56cd26e21f708d306a89ca330b81c648fd33a24077f
Copying blob sha256:99267111abcc4caf5e9b6f06fd8b9ca7ae7bff04ce06b24ca352c6007daaa73e
Copying blob sha256:98523862e383a0ad8084f4749accff7c1d459250211248f592b1c7f0b686a7ca
Copying blob sha256:4da2dc2421476dea73aff03e1ab7897a4f88019ec7994cf2fd9d2ab83a4dd234
Copying blob sha256:16c239185fe81a297dba94d32e1ead5ca17d7458b2c2125811d07f025448b37d
Copying config sha256:7ae437421a6df7b227b29f83552118aa7ec0ab921f74737954bffd58f2907a65
Writing manifest to image destination
Copying image sha256:ecd02b7b81004b72c523a09ffe2db098e7038a046ef352fc5337763f7d24520b (3/6)
Getting image source signatures
Copying blob sha256:573139d859b03c86bd9581cff37b77e2181a0275d1f6b54275fbdb1c7f000441
Copying blob sha256:c23994b461c425071aedef719ced8935462584ab8e0722fa27b7a19c58a330b6
Copying blob sha256:3c40bd3e731c9605dfc48cc78bc4d16d60d3ecf417ce645b27fdbb3c85a5d633
Copying blob sha256:53d3979df9cd5b6b611459382575531f531a3700ed03f6780212ab8e358e96b9
Copying blob sha256:422dc0f0ec960f769d890f368bdf0a0ba195325ef487f5b07a4d06efaa7b2c41
Copying config sha256:61bb0cbfd71237a8d9dd2bc4cf538826a868036c3db2b14f7b9830da2e583645
Writing manifest to image destination
Copying image sha256:a941547c1aca4558fd14e7435d4329a77c2823e946ac5a7327f78130e2c69e86 (4/6)
Getting image source signatures
Copying blob sha256:1dfe19e8ce6fecf11bc165f9b3cb383a6ef3e39582bcfa5c8db77ba905ed58ff
Copying config sha256:59efcabfd188f103f0fc6ac91a0013fa1d1d35107d7b379312334ab441816e65
Writing manifest to image destination
Copying image sha256:033a8516905ce94ef5875ae8bf431e94042d8a7a6744c89072ccb6714623cbf9 (5/6)
Getting image source signatures
Copying blob sha256:8f1960f12226984282999beab24421ab29bd938be724262d3b0a0c3aab2134cf
Copying config sha256:f6784887c4d996470621b768dbf19b4d5a19062ad360aedfbda5f8e0d921c7ab
Writing manifest to image destination
Copying image sha256:8d96dd43a7adec8ae719f7f99484b0b4376d9b495cf3cf59ae6738c73eed54af (6/6)
Getting image source signatures
Copying blob sha256:d86e919b2da2fee5eddcc89601ad469271d3621a37941729464b5d5b7b63c48a
Copying config sha256:6f49e59368789c3cb270195f499427dc7cc0016e6add0ee8d7d31a10ab658a36
Writing manifest to image destination
Writing manifest list to image destination
Storing list signatures
✅ 完成: swr.ap-southeast-1.myhuaweicloud.com/opencumt/kopia/kopia:latest
----------------------------------------
🔄 同步: docker://openlistteam/openlist:latest → docker://swr.ap-southeast-1.myhuaweicloud.com/opencumt/openlistteam/openlist:latest
Getting image list signatures
Copying 16 images generated from 16 images in list
Copying image sha256:c942c98018ae219aeed5bff38e7f638964febe0eddccc68e856b1aeb17a16d2e (1/16)
Getting image source signatures
Copying blob sha256:a596271244e8cf27dbbe6752afb2c0138e4cb7eba6962c8aa72e8fc300b190ed
Copying blob sha256:f830edd878ffc3312ca4851c026b7220ad33cb9c1411601cdf44b9031377b33e
Copying blob sha256:27f884697479181d709804dc44882f33594b15c52336063eb2600f285e148c22
Copying blob sha256:d711566c65e318e465593958e0eaea7b913bbf90ed1e5937b47471d8ee47816e
Copying blob sha256:1e39f5be1a122e46953739a91b5a62f56f3956899b23c2dc4cbd1bc3197671c5
Copying blob sha256:4f4fb700ef54461cfa02571ae0db9a0dc1e0cdb5577484a6d75e68dc38e8acc1
Copying blob sha256:41128d032f025012ce592f2304b735a2e7589fd22ce9ff8699bef95291c7f8c8
Copying blob sha256:c815a6e7f46f5ec85dfa0c6b3ec532be7293c3eb02eff7a6b07266cf49dcda4f
Copying blob sha256:4f4fb700ef54461cfa02571ae0db9a0dc1e0cdb5577484a6d75e68dc38e8acc1
Copying config sha256:db771057fcc081f437e7e87609c93a9e0841108327f076f81b3032eae841d1e3
Writing manifest to image destination
Copying image sha256:e259dcf7300d65cc6ae404cd78d660b08bd39f62ea594ae71d5d28b7fff51f91 (2/16)
Getting image source signatures
Copying blob sha256:9147a5296c38be198a156eba2039a15b59eb72defbbc5b43fc06f155773bd102
Copying blob sha256:5862439f21973c49d7c812c220e56d9c440e100ab7c3907a4dad828e2e1cc3ec
Copying blob sha256:2f5d5688a97534009efcf661a12ce95ecde67aec01b42c5a6aa3633f6167b063
Copying blob sha256:4f4fb700ef54461cfa02571ae0db9a0dc1e0cdb5577484a6d75e68dc38e8acc1
Copying blob sha256:310fd1e0be0f17bcfbba3655806fdac5c48cba7caf7835d9cd83ef4499ce30eb
Copying blob sha256:fa6adcd82089c1ec96a5a886a8f7e575609497247b8f510b9db513aa22d73b7d
Copying blob sha256:7b2ab659e3283f3fc03a9cca40d7ab06d2832cec1310178d4d4bd93370de7b8c
Copying blob sha256:c815a6e7f46f5ec85dfa0c6b3ec532be7293c3eb02eff7a6b07266cf49dcda4f
Copying blob sha256:4f4fb700ef54461cfa02571ae0db9a0dc1e0cdb5577484a6d75e68dc38e8acc1
Copying config sha256:3abda2bacf6a997b1f2daa10ce3c19593f64cdc819bbe66de80c7abde0ac5c9b
Writing manifest to image destination
Copying image sha256:7b5e55e9f10b4673cb0abf5b30d80122faba9f0f0c71eedf511e29a7771d38d4 (3/16)
Getting image source signatures
Copying blob sha256:6a2ebf63fbdcd23629d545ab1cdf2bbb2fcf568625f53278ae3fa856711a2e51
Copying blob sha256:78f01a5832415c1db75b64ffdcc8ba771768b99d557a4cd689c4c55ad963345a
Copying blob sha256:92a6e1205dfe861bd085d7d45d74020fdf5ca97b2e22560d120506fa4cd77281
Copying blob sha256:7f3d461b69b986c18f01db74d1b7bce293d1a4117b801df6806b1ced3527c34b
Copying blob sha256:4f4fb700ef54461cfa02571ae0db9a0dc1e0cdb5577484a6d75e68dc38e8acc1
Copying blob sha256:5862439f21973c49d7c812c220e56d9c440e100ab7c3907a4dad828e2e1cc3ec
Copying blob sha256:0248bc1e458503b2ecf9769ec748ac33af2cfb2b4a0f9af48dd990adc180041c
Copying blob sha256:c815a6e7f46f5ec85dfa0c6b3ec532be7293c3eb02eff7a6b07266cf49dcda4f
Copying blob sha256:4f4fb700ef54461cfa02571ae0db9a0dc1e0cdb5577484a6d75e68dc38e8acc1
Copying config sha256:b79980dd06b4efddeb9a46645a4429397fc778410d3ab13ce45ae8c2cbe95443
Writing manifest to image destination
Copying image sha256:e217bbc1a5bdf4da0e181c988dc8ba63ca7a694e2088f807553975eb966e9b67 (4/16)
Getting image source signatures
Copying blob sha256:26d9f650a4a7361504c5b2c184882e455a5fa750a232dc97aea745df3f90ee97
Copying blob sha256:adff37d791c2f7bbdd6d2b8f74d4d4eb8377a26020182bbf7de837508b4bedd6
Copying blob sha256:a4c992cada8bb9919b379c960af386c7acdbf7dc4bb4781434ccc1b1c52c2fca
Copying blob sha256:f70c956ee80d0c634bb015d3f90f6a46c7b0ecd54e184c10174d2dbe74055061
Copying blob sha256:4f4fb700ef54461cfa02571ae0db9a0dc1e0cdb5577484a6d75e68dc38e8acc1
Copying blob sha256:5862439f21973c49d7c812c220e56d9c440e100ab7c3907a4dad828e2e1cc3ec
Copying blob sha256:2e354a2621683f199fec01ab9c83063d46d38ff8b0ef578bd6e7cced539f13fe
Copying blob sha256:c815a6e7f46f5ec85dfa0c6b3ec532be7293c3eb02eff7a6b07266cf49dcda4f
Copying blob sha256:4f4fb700ef54461cfa02571ae0db9a0dc1e0cdb5577484a6d75e68dc38e8acc1
Copying config sha256:25ba74e11a7224299cc5c80a06d6ba516759c890bdea0b834355f678944f3f5c
Writing manifest to image destination
Copying image sha256:ae4256ed4e8aba985ae8e443509231aec9982d5427e1886c760c6fe469c39417 (5/16)
Getting image source signatures
Copying blob sha256:5862439f21973c49d7c812c220e56d9c440e100ab7c3907a4dad828e2e1cc3ec
Copying blob sha256:89ac8118b3bc83c19ac430c62baac16509b71e6d3abf08ec4ebdbadecec776a3
Copying blob sha256:3084b2e52784aa91d0dad3ec23a4647f365de745c3ce9ae298e2f19331572e12
Copying blob sha256:4f4fb700ef54461cfa02571ae0db9a0dc1e0cdb5577484a6d75e68dc38e8acc1
Copying blob sha256:30959b66ee189145e38c02e3556a2d7ca0336fab26c38af3a25ff7e54474f2cc
Copying blob sha256:8912d824a942fcefd08a68105782aa1b44cc24797f5fca42539ce680cd1e8fe8
Copying blob sha256:59122da670f33ef9d09d19908f2a6ec8dfb6502d368d9cb97bbeae029b5beb36
Copying blob sha256:c815a6e7f46f5ec85dfa0c6b3ec532be7293c3eb02eff7a6b07266cf49dcda4f
Copying blob sha256:4f4fb700ef54461cfa02571ae0db9a0dc1e0cdb5577484a6d75e68dc38e8acc1
Copying config sha256:af8e0530712a320ce5649af9466ee7fb5ee39395c2979d712e9a4e4af3adb0ca
Writing manifest to image destination
Copying image sha256:1ffef9f8081f7e76ac60f49e11af358c35512d656e291cbd8481e9843d15b99d (6/16)
Getting image source signatures
Copying blob sha256:a93c86c9c435529a13fe8aeb5b9200b5a60a131e65e022cbc867a813fc1d5c7c
Copying blob sha256:5862439f21973c49d7c812c220e56d9c440e100ab7c3907a4dad828e2e1cc3ec
Copying blob sha256:310fd1e0be0f17bcfbba3655806fdac5c48cba7caf7835d9cd83ef4499ce30eb
Copying blob sha256:b68215824b1455f9e4eb70e3de688d3c0aea528122775d9d2b6d6f4b0d7313d6
Copying blob sha256:40147fa05521a11e99f0fe7b8ee9d5ca3435fb7c997d698db1cb2485ccf8e9b8
Copying blob sha256:4f4fb700ef54461cfa02571ae0db9a0dc1e0cdb5577484a6d75e68dc38e8acc1
Copying blob sha256:478f62b348c7fcbecd83d4da01a506509efddc7b6999bc7593372d0c2fa3d72f
Copying blob sha256:c815a6e7f46f5ec85dfa0c6b3ec532be7293c3eb02eff7a6b07266cf49dcda4f
Copying blob sha256:4f4fb700ef54461cfa02571ae0db9a0dc1e0cdb5577484a6d75e68dc38e8acc1
Copying config sha256:aee18c45cbdda832a860ea528e7a268f68c10980140defa71ed332aa3b2b14bd
Writing manifest to image destination
Copying image sha256:1028fa2d84ad2f7dc574fbb4ea3c998d6adc162346e8cab9ca515a747998b4d6 (7/16)
Getting image source signatures
Copying blob sha256:b23444020fee5601636a9e4515e94c368342e04a81605888334b45e9e0685fda
Copying blob sha256:1e39f5be1a122e46953739a91b5a62f56f3956899b23c2dc4cbd1bc3197671c5
Copying blob sha256:b83075f44e65b41c3f402a5eef47c635c17918344f24045147ccba53c2568e8e
Copying blob sha256:310fd1e0be0f17bcfbba3655806fdac5c48cba7caf7835d9cd83ef4499ce30eb
Copying blob sha256:51a0fcd143ac8ef52fb595bf055d0ddd142abe7b9af1a50885cfca441c18ddf7
Copying blob sha256:4f4fb700ef54461cfa02571ae0db9a0dc1e0cdb5577484a6d75e68dc38e8acc1
Copying blob sha256:39f6aeeb699ad0fb3cc958644d6e3d5ab7ce4e1faa3d967976b1204abc028d4b
Copying blob sha256:c815a6e7f46f5ec85dfa0c6b3ec532be7293c3eb02eff7a6b07266cf49dcda4f
Copying blob sha256:4f4fb700ef54461cfa02571ae0db9a0dc1e0cdb5577484a6d75e68dc38e8acc1
Copying config sha256:e9c2ca2e0b63252ad690631aee813ce577b3793b4db65f54668fac43e467b4a1
Writing manifest to image destination
Copying image sha256:ec543b3780bad315aba5e189e3e01a10667b4d3291315657e0f830f49e563c76 (8/16)
Getting image source signatures
Copying blob sha256:fa36fab475ad5a6a4d494693d0d2d51f35f9c9ab2d0316dbaa40bf7e60645dd7
Copying blob sha256:1e39f5be1a122e46953739a91b5a62f56f3956899b23c2dc4cbd1bc3197671c5
Copying blob sha256:310fd1e0be0f17bcfbba3655806fdac5c48cba7caf7835d9cd83ef4499ce30eb
Copying blob sha256:536339846a111832426879fedcbd4512223f500328fc77b1b3feecb46f29e94b
Copying blob sha256:8457f6aa036e5ae46733e508df3092dc7229ecf87491ba476b644181d561a537
Copying blob sha256:4f4fb700ef54461cfa02571ae0db9a0dc1e0cdb5577484a6d75e68dc38e8acc1
Copying blob sha256:de4150b93d8f8895239497fcb9bf49cdb452fb9398d7b05f2b1854d2b05d07c7
Copying blob sha256:c815a6e7f46f5ec85dfa0c6b3ec532be7293c3eb02eff7a6b07266cf49dcda4f
Copying blob sha256:4f4fb700ef54461cfa02571ae0db9a0dc1e0cdb5577484a6d75e68dc38e8acc1
Copying config sha256:d4e548278b4e5609967ad121fff5941b4c48ca48baa457b6593788b383c60e74
Writing manifest to image destination
Copying image sha256:343902c7a7e2d99a3a65592b13cc022ec286730e495da487c82caa7fb3bcb51b (9/16)
Getting image source signatures
Copying blob sha256:8630defe07edb9fb35c474cb59cdc82fc7173991e93b1403ae9869c19ebf7783
Copying config sha256:44136fa355b3678a1146ad16f7e8649e94fb4fc21fe77e8310c060f61caaff8a
Writing manifest to image destination
Copying image sha256:26b74e4122cedc9318769c2986af74600c69976bf6321de3f5bd0aea5f2660b0 (10/16)
Getting image source signatures
Copying blob sha256:11e6a936df77a41b593b71f7724d4f2f8c16de41bda93ed99260d9df6885f358
Copying config sha256:44136fa355b3678a1146ad16f7e8649e94fb4fc21fe77e8310c060f61caaff8a
Writing manifest to image destination
Copying image sha256:15b9c51f957aaf947cf7dd45f8ede338b12f4742954c3e75e9fae67b164cbfcb (11/16)
Getting image source signatures
Copying blob sha256:8f01de66cd73182eda1ceb8a3a169615e5f9f1dd93b8722d8cc953061c86185c
Copying config sha256:44136fa355b3678a1146ad16f7e8649e94fb4fc21fe77e8310c060f61caaff8a
Writing manifest to image destination
Copying image sha256:ae007d9799bdee1c36d877c82a6c07a484974a29c412a35e6263ce1f634a61a2 (12/16)
Getting image source signatures
Copying blob sha256:20e3005ec51f929a46d9aa4d112718eb129ed8c37eab6303fc578a90eedc24aa
Copying config sha256:44136fa355b3678a1146ad16f7e8649e94fb4fc21fe77e8310c060f61caaff8a
Writing manifest to image destination
Copying image sha256:a7972eebc93d5cedb930165c4035fb75c0e9dcf405e3135798a8fa6f04a796dd (13/16)
Getting image source signatures
Copying blob sha256:2c39a0834f30828dec4d28c7de9e106e61e21c94a2afcee2274cf60d336b9551
Copying config sha256:44136fa355b3678a1146ad16f7e8649e94fb4fc21fe77e8310c060f61caaff8a
Writing manifest to image destination
Copying image sha256:ee60e19db8d048a324c0cf244f64afe70de41107093da2393e0df635af3b139b (14/16)
Getting image source signatures
Copying blob sha256:bfe59e883817d372688b2929b66abdcbe84ba936cccd2593feea152c713f4c0a
Copying config sha256:44136fa355b3678a1146ad16f7e8649e94fb4fc21fe77e8310c060f61caaff8a
Writing manifest to image destination
Copying image sha256:79a6d071338bacd843a1c135adc2ba468e2ca0908dd31a3c317e1569cdb51d75 (15/16)
Getting image source signatures
Copying blob sha256:5e88e1620dbb2e2050efb7d6500ef1c5151a47b2a33eaf63e0637d3434961265
Copying config sha256:44136fa355b3678a1146ad16f7e8649e94fb4fc21fe77e8310c060f61caaff8a
Writing manifest to image destination
Copying image sha256:adb61df27c068a338e1268f2fa935431260285d47472a791364ceaf6f12f25f6 (16/16)
Getting image source signatures
Copying blob sha256:3494b839b84099a801d7d61ecd46d9a5e28514f9a228c8f47daa343fa68e2f1c
Copying config sha256:44136fa355b3678a1146ad16f7e8649e94fb4fc21fe77e8310c060f61caaff8a
Writing manifest to image destination
Writing manifest list to image destination
Storing list signatures
✅ 完成: swr.ap-southeast-1.myhuaweicloud.com/opencumt/openlistteam/openlist:latest
----------------------------------------
🔄 同步: docker://snowdreamtech/frpc:latest → docker://swr.ap-southeast-1.myhuaweicloud.com/opencumt/snowdreamtech/frpc:latest
Getting image list signatures
Copying 12 images generated from 12 images in list
Copying image sha256:0fe06024bd2423ce3ef4d5b3f20cfcb31c8b3d38a0779dc238675c329ad1ac59 (1/12)
Getting image source signatures
Copying blob sha256:d6554e8c304c1f52ca06ff86f515e7faa28b7ebfe2e68a6223843e99a89d1097
Copying blob sha256:a7c82181a6d33cd29a71e2374980b487363591cc5dff549eb1e4abef4654af8d
Copying blob sha256:82cafdd6f7a6ba1405b704d22aa661f27b7f0f66ca3afd5576952ed17104aa15
Copying blob sha256:54dfc15dd7a279a868952f4ce02ea042eb4526361b1a149e72c362a03b3693f2
Copying blob sha256:26c307b5e35a59ce911f5fde5b9458120ec8734e831ea2da5649a9ad14abfd3d
Copying blob sha256:91d34ee2f2ae1139f50c42d17d1f7eb9ff2246580b0dcd9bb0cccfcf7d07732e
Copying blob sha256:0adf92044a8ef0c61358c8ba3db0126120e84e69bb01b95c5fc0d9f0d02c0e94
Copying blob sha256:4f4fb700ef54461cfa02571ae0db9a0dc1e0cdb5577484a6d75e68dc38e8acc1
Copying blob sha256:4f4fb700ef54461cfa02571ae0db9a0dc1e0cdb5577484a6d75e68dc38e8acc1
Copying blob sha256:55a4e8149415a987830a8d48d2a590bc7ed78eaac7b4d55b00f4db4287dcc7d9
Copying blob sha256:5622ed36e51a4c7852e6b6781c7f6228170b075d182ab06b026a8e03dbacfb2a
Copying blob sha256:a160dab764c437d71bde35741c9953d424e604ff5d0d59f9a5f9750f61c848fe
Copying blob sha256:4f4fb700ef54461cfa02571ae0db9a0dc1e0cdb5577484a6d75e68dc38e8acc1
Copying blob sha256:4f4fb700ef54461cfa02571ae0db9a0dc1e0cdb5577484a6d75e68dc38e8acc1
Copying config sha256:67f696a040a7ace6bc162e6a4e66e68628847a7f97625a617496ab794e491663
Writing manifest to image destination
Copying image sha256:f93d18ba8e13999f95caaa830818fd3a89896eb7bc63bb05b8e09e3b932876f1 (2/12)
Getting image source signatures
Copying blob sha256:d971246d6ec2b29e7c44b3301db3898a947ac4f197ff2b0d3d9847e84182ad7d
Copying blob sha256:9529756c30f817891a0835de911261766bfcabd79c33acf8095fc5a08517bbe3
Copying blob sha256:672c0d216bfc857b06e612ddef27e7e627f137e3b1d462ba55fc70cf69be0989
Copying blob sha256:e3487488cf27209bda7a10c499aac6c120b91b09cafa72292e886dfb9fdfa3e8
Copying blob sha256:82cafdd6f7a6ba1405b704d22aa661f27b7f0f66ca3afd5576952ed17104aa15
Copying blob sha256:d6554e8c304c1f52ca06ff86f515e7faa28b7ebfe2e68a6223843e99a89d1097
Copying blob sha256:0adf92044a8ef0c61358c8ba3db0126120e84e69bb01b95c5fc0d9f0d02c0e94
Copying blob sha256:4f4fb700ef54461cfa02571ae0db9a0dc1e0cdb5577484a6d75e68dc38e8acc1
Copying blob sha256:4f4fb700ef54461cfa02571ae0db9a0dc1e0cdb5577484a6d75e68dc38e8acc1
Copying blob sha256:393e3a1fa60d671b2d1a8862256ac2acdfb489ecf7e36c06a30246b801e9cfce
Copying blob sha256:4c6d55952275bc3ada07ccd8a6a593fdd9163eecc04d2bde86ff9765ea8a48c4
Copying blob sha256:d6ee00ac4b394bcbb643a463844fe4b7f3f50308690821fbc1303ca474d81022
Copying blob sha256:4f4fb700ef54461cfa02571ae0db9a0dc1e0cdb5577484a6d75e68dc38e8acc1
Copying blob sha256:4f4fb700ef54461cfa02571ae0db9a0dc1e0cdb5577484a6d75e68dc38e8acc1
Copying config sha256:f485bb4d50fdde97b620b057ad558b715997624548dfbef5c944f06f2023cfac
Writing manifest to image destination
Copying image sha256:ac50f96d63d61579d34c8a86d5ab0d33fe8193756f4f75bd88ad74aa122e1ce6 (3/12)
Getting image source signatures
Copying blob sha256:832d8d44c85549d54f73ad4b7e11ae76bb3aca4db4711d2aa96ffd19777e81d2
Copying blob sha256:aba2585b48c2ec8a3eb9d11d07c5b65ac684abf73801c6b72c9f7da5ace5bd74
Copying blob sha256:8eb49d3e19bf67c4d1aab8dc71ccabb0928a0a8410a24ed88622ba00a16beb76
Copying blob sha256:3fbfece57e5d2907f4d4d4e61d123a5ba25557f6a95d49bfc78705214dc68f09
Copying blob sha256:0c2a4c1df4aeca0d952541f59cef904aac5d84d0303e1026b0dc79b1809c094c
Copying blob sha256:1b7200988f192e72703c70486d494e2457935ac9b0f031ac09eb115b01a12d45
Copying blob sha256:e23077dbe52e72677e2ab9cc5fb366af20a7583c2542ce81b888caf2ab2a1fbc
Copying blob sha256:4f4fb700ef54461cfa02571ae0db9a0dc1e0cdb5577484a6d75e68dc38e8acc1
Copying blob sha256:4f4fb700ef54461cfa02571ae0db9a0dc1e0cdb5577484a6d75e68dc38e8acc1
Copying blob sha256:f2ac4a5827eed5af53ab0d2e87854eb8ff24b05c0193240fa37cda038c2596fe
Copying blob sha256:2a0480e89d44f215a3b7ddb763537465c2793d589bc24768094bc00792789de5
Copying blob sha256:f5e98755e3dcb81b38a7548dba5d0ca43142b53637cdaeb54e3d8b55ff01fc4b
Copying blob sha256:4f4fb700ef54461cfa02571ae0db9a0dc1e0cdb5577484a6d75e68dc38e8acc1
Copying blob sha256:4f4fb700ef54461cfa02571ae0db9a0dc1e0cdb5577484a6d75e68dc38e8acc1
Copying config sha256:8c2bdf73795b0499cae3c0500e734462d098348b60ff5c0187fd28f420569570
Writing manifest to image destination
Copying image sha256:2f5e0c8ca8dea6de0893a3f1f1579e05930b51559db4213e30f5e46c93a51de1 (4/12)
Getting image source signatures
Copying blob sha256:d6554e8c304c1f52ca06ff86f515e7faa28b7ebfe2e68a6223843e99a89d1097
Copying blob sha256:dfd0dd5ca2ceee91186d808415a6de760b338f83c96efcb966b4763ad816fb84
Copying blob sha256:1b193084a163f0d5a16dbee05ac96df7a136c5a6f338af1d118a8523a8dba74e
Copying blob sha256:4b662f844c11eb624262cf201f852ccf968e45c6d3c4ec3fa1c5a288fef35ca8
Copying blob sha256:1378174a96620b63874d5590569b6f853d5a2107a941cf6e80302ab3e031e28f
Copying blob sha256:82cafdd6f7a6ba1405b704d22aa661f27b7f0f66ca3afd5576952ed17104aa15
Copying blob sha256:0adf92044a8ef0c61358c8ba3db0126120e84e69bb01b95c5fc0d9f0d02c0e94
Copying blob sha256:4f4fb700ef54461cfa02571ae0db9a0dc1e0cdb5577484a6d75e68dc38e8acc1
Copying blob sha256:4f4fb700ef54461cfa02571ae0db9a0dc1e0cdb5577484a6d75e68dc38e8acc1
Copying blob sha256:4d56fd0f66f65e2446153887f8eb7491b69329c42163a2f7bbff0c93328e6b16
Copying blob sha256:c842cde522a68d1eaec5f7f30c517da04bb79186eac451936dc241c3084e3597
Copying blob sha256:d6ee00ac4b394bcbb643a463844fe4b7f3f50308690821fbc1303ca474d81022
Copying blob sha256:4f4fb700ef54461cfa02571ae0db9a0dc1e0cdb5577484a6d75e68dc38e8acc1
Copying blob sha256:4f4fb700ef54461cfa02571ae0db9a0dc1e0cdb5577484a6d75e68dc38e8acc1
Copying config sha256:84efabd761bcf8f93d1d6ac1286c9923b1191c92571a8b3b6bc7dae617b05e4f
Writing manifest to image destination
Copying image sha256:e5b3cdf234860374f1ce5a2eecf59ae7da48f0d7e053285cefa00ee3bf479c6a (5/12)
Getting image source signatures
Copying blob sha256:f0dfb45fb66601c9950c64ef76563f270bbb515b82268b951fbea3ddccdbf772
Copying blob sha256:42d86b36693f284701ea61af2ee3f7366d96c1bf067d1bde1036423871f7cc22
Copying blob sha256:aba2585b48c2ec8a3eb9d11d07c5b65ac684abf73801c6b72c9f7da5ace5bd74
Copying blob sha256:631223925ba6e831790ee0eada29b88747e9b2fdd7a193681355c1b3e3ad64d0
Copying blob sha256:8eb49d3e19bf67c4d1aab8dc71ccabb0928a0a8410a24ed88622ba00a16beb76
Copying blob sha256:f97a929de5ee2276801a0dfe60c189ad950d6c64966495be3983c032f53d9338
Copying blob sha256:547b23c7d1390a814451b70ec6ce490bfd9c8d2b4c1f84dc3d25f2dfa899af25
Copying blob sha256:4f4fb700ef54461cfa02571ae0db9a0dc1e0cdb5577484a6d75e68dc38e8acc1
Copying blob sha256:4f4fb700ef54461cfa02571ae0db9a0dc1e0cdb5577484a6d75e68dc38e8acc1
Copying blob sha256:f526f603f863aacd62dd912144a91a8407c787d7364dbc2cbab1c0c635582902
Copying blob sha256:d9dee2d0a5dccf843a30e2b24ff9dcbfcfef710b0d153e4d78ce9f15ad77c3ac
Copying blob sha256:8c24b15396b0a9e28c63e7733aeba707c93762e9de5377beeae0282f488d91c5
Copying blob sha256:4f4fb700ef54461cfa02571ae0db9a0dc1e0cdb5577484a6d75e68dc38e8acc1
Copying blob sha256:4f4fb700ef54461cfa02571ae0db9a0dc1e0cdb5577484a6d75e68dc38e8acc1
Copying config sha256:9e916a9dd4c274bec35fc7611cca9f9304e09a6736e2f9b3e4e76ce05cc2c558
Writing manifest to image destination
Copying image sha256:b9a279ee6ffe0aecc770dc706b61c93c673ac8db36a831fb359a00bd7aa1ddee (6/12)
Getting image source signatures
Copying blob sha256:d6554e8c304c1f52ca06ff86f515e7faa28b7ebfe2e68a6223843e99a89d1097
Copying blob sha256:5059f072c5e2b09a216d4e66de6e94d1586b3eea64256e6d5277e3ddb8f78991
Copying blob sha256:0c7a172d42806410d157d0e1cf07ba7ee07885ebfd9124b41189748a3d0a1057
Copying blob sha256:1378174a96620b63874d5590569b6f853d5a2107a941cf6e80302ab3e031e28f
Copying blob sha256:d29e1e3cf323fc805b258892830bca10659686322eb379fb1d8d9933f354e0a7
Copying blob sha256:8eb49d3e19bf67c4d1aab8dc71ccabb0928a0a8410a24ed88622ba00a16beb76
Copying blob sha256:0adf92044a8ef0c61358c8ba3db0126120e84e69bb01b95c5fc0d9f0d02c0e94
Copying blob sha256:4f4fb700ef54461cfa02571ae0db9a0dc1e0cdb5577484a6d75e68dc38e8acc1
Copying blob sha256:4f4fb700ef54461cfa02571ae0db9a0dc1e0cdb5577484a6d75e68dc38e8acc1
Copying blob sha256:dafc960884e082eaf74edf6f0c43836dc08f49f75786c09a28f0ffb08add2540
Copying blob sha256:c842cde522a68d1eaec5f7f30c517da04bb79186eac451936dc241c3084e3597
Copying blob sha256:d6ee00ac4b394bcbb643a463844fe4b7f3f50308690821fbc1303ca474d81022
Copying blob sha256:4f4fb700ef54461cfa02571ae0db9a0dc1e0cdb5577484a6d75e68dc38e8acc1
Copying blob sha256:4f4fb700ef54461cfa02571ae0db9a0dc1e0cdb5577484a6d75e68dc38e8acc1
Copying config sha256:59e0b3b435becf86b44d8024e77e898c519f74c825c326cdbb941818fe2e5c82
Writing manifest to image destination
Copying image sha256:e7c5f4810c2f8b4d107015102c2bf8de868c0069101d067e001dcd30c29430c5 (7/12)
Getting image source signatures
Copying blob sha256:a7210a513becf1e19e53ff903f77e923afa2a10158eed4d4028f7a012d559f8f
Copying blob sha256:74f486dd17f19fda165abf5cee226a1995408d4e81c7064446dce9d3610f7255
Copying config sha256:44136fa355b3678a1146ad16f7e8649e94fb4fc21fe77e8310c060f61caaff8a
Writing manifest to image destination
Copying image sha256:6dc25907f7ac6757e24f1c3bd0cbc652d8540bf407adf44742d5697a5573daec (8/12)
Getting image source signatures
Copying blob sha256:45cdb5a8c377a1962beb79e0d445d4a521090c1e0737b3693589d56e2bb95d0a
Copying blob sha256:00055bd1f0c43d7d1b88f170df3b6f9ee859b1aeb628a19f463d65d1a1f9527f
Copying config sha256:44136fa355b3678a1146ad16f7e8649e94fb4fc21fe77e8310c060f61caaff8a
Writing manifest to image destination
Copying image sha256:9b75ed632d67398fbcbfdc70695d24bb0d8ee42cd74055b9b595d086f80f2f91 (9/12)
Getting image source signatures
Copying blob sha256:a454fb9d52fa8c72e394a03ffca5ed851eb87a1775d553a91584f61c65d72a0b
Copying blob sha256:e5ff6abdf5a5ea6805fd260fcf8be47efa4c69df7f86e06e24d6828c135bd975
Copying config sha256:44136fa355b3678a1146ad16f7e8649e94fb4fc21fe77e8310c060f61caaff8a
Writing manifest to image destination
Copying image sha256:9cffa6a62a701a4f9b05bb49e50abb22448b88eef49e93d3a7320afb3c9d20fc (10/12)
Getting image source signatures
Copying blob sha256:38be7ca2dd796b0d7fedec8e50ec35f4ccdaeab4d1f5e0281cf1b9a0127db1a9
Copying blob sha256:d42352590ce7dce5d42b9d6dc1960b62f4793b2eea77c8035d6fd5023b4dad9a
Copying config sha256:44136fa355b3678a1146ad16f7e8649e94fb4fc21fe77e8310c060f61caaff8a
Writing manifest to image destination
Copying image sha256:773808d2e6a306822133ed12a4c1b2651f247c8d6085ccc34204fbaf7cecbbc5 (11/12)
Getting image source signatures
Copying blob sha256:cf62df9996c35d279e4c9aa08c859ddfc0ef38b6599ef787ce5d3248869de9db
Copying blob sha256:04133169a07fce5bd8c26c13ddca865399fac9ae6ab1e69ff9b3f53c9e84f268
Copying config sha256:44136fa355b3678a1146ad16f7e8649e94fb4fc21fe77e8310c060f61caaff8a
Writing manifest to image destination
Copying image sha256:0c4080a8fec838534b517d18ead4531045f7f5d5d834d017d256cd4bd05dc7d4 (12/12)
Getting image source signatures
Copying blob sha256:b43726b53b1a72a7d1e03db89d3204144a743f63021bf00cf40a66640b73edc7
Copying blob sha256:206f0c82a29f587dc069508022c8a6af630716423fbcab84dfcffaf7cd89cda2
Copying config sha256:44136fa355b3678a1146ad16f7e8649e94fb4fc21fe77e8310c060f61caaff8a
Writing manifest to image destination
Writing manifest list to image destination
Storing list signatures
✅ 完成: swr.ap-southeast-1.myhuaweicloud.com/opencumt/snowdreamtech/frpc:latest
----------------------------------------
🔄 同步: docker://ghcr.io/sagernet/sing-box:latest → docker://swr.ap-southeast-1.myhuaweicloud.com/opencumt/ghcr.io/sagernet/sing-box:latest
Getting image list signatures
Copying 18 images generated from 18 images in list
Copying image sha256:6346c1b1ec6d34f1c59fd0781fe5c54cdd4c278e86510f555c5e824a805f051c (1/18)
Getting image source signatures
Copying blob sha256:f529036d01304a5fef93082e2f9d31c21862988166dea6ba5b918ff0f56545b0
Copying blob sha256:7be2e280ebe651ae43469c64580d088eda7831741949c39082fb6d3333d52edd
Copying blob sha256:0bf0234a0e80411c64e28d8397710cb7cb3161e56c012c66d9c0bff4b9d9deaf
Copying config sha256:7f13958baf89339abac239d8e0ed57f7bdeef191295a5a4be118ce4b4fd76d30
Writing manifest to image destination
Copying image sha256:05fa1657bcceca9b725bb4961f705755df9d0a8c56b30262fef0d3e3034de8a9 (2/18)
Getting image source signatures
Copying blob sha256:f4e18c38cde370af39f70c5b3e202c355f230d9b3878406c216c1c0d75b8dbc7
Copying config sha256:44136fa355b3678a1146ad16f7e8649e94fb4fc21fe77e8310c060f61caaff8a
Writing manifest to image destination
Copying image sha256:f21a1fb9528053e3d6415b99ed5687dfa364169c423d7c13348ccb0630895b94 (3/18)
Getting image source signatures
Copying blob sha256:80ef6670bcccdc7244105438da3ca04ce4ce4324454fd89fe95492aa978f59fd
Copying blob sha256:1bdda2e019dd384cc5410b8fd73c0c305664bf6db8ebc07b058877aee1a778ec
Copying blob sha256:079c40d15c716259efd0631216063873b33d7b89822b83d6aba731e8fe3cd62f
Copying config sha256:51f8d9c5cfff74f25d5e2fdc0467b4c8193941484a42b78db8b52c97c27ad020
Writing manifest to image destination
Copying image sha256:6bf52018425115347b89e1f9cef64a52a18056f7a3f5cb1ee533266a7664bb3d (4/18)
Getting image source signatures
Copying blob sha256:e042f65124c9c9d0aea5c7c63dc9c1ecd47cd34ef2be732713b7cb7c854256c8
Copying config sha256:44136fa355b3678a1146ad16f7e8649e94fb4fc21fe77e8310c060f61caaff8a
Writing manifest to image destination
Copying image sha256:d26ac064ee21c01820c1c70b430944b31536a965b5034e8674780e21b4b6142d (5/18)
Getting image source signatures
Copying blob sha256:3c62862b16f9de1db45cde8a55d588b1a97103ea4f2a64baba750a676440b8f1
Copying blob sha256:64f7f08b6763becdda2e72bfacdfd36663e4847bc6fdb366336127620012bc02
Copying blob sha256:3a2fcb440a310d4c6d4f40fdacd985d19e6945fce0ed71ca48ddf7e9b6c3e3ae
Copying config sha256:1ded911792bf34593020d90f83ea918e3804008df8816587a7bbf7ec34163a87
Writing manifest to image destination
Copying image sha256:59212103cac0c2ce5214e619a00479fa188addd7dce78c7a04cb1ff795a4b2a8 (6/18)
Getting image source signatures
Copying blob sha256:d6a6f2a978601c809b760d29074a17f9c1203b2ad709b40c9ea25b6bb16ba33d
Copying config sha256:44136fa355b3678a1146ad16f7e8649e94fb4fc21fe77e8310c060f61caaff8a
Writing manifest to image destination
Copying image sha256:97c5a55ebb47a8ca60239458824851668ab2587c147125bed16d9e4ca349481f (7/18)
Getting image source signatures
Copying blob sha256:cfed1854532b2d0969da034cdc07a531f6750393946164cd10ce68ffaaf10aab
Copying blob sha256:c08662110c543136f3ec915676c72bdf327a0021dde4f948821694bc1899ad99
Copying blob sha256:ba454b17b5e915ee06cfc2c66078f1264549d4f6cdd08dc18cd56fdaaa487b25
Copying config sha256:60fcb3c421e7e1485b7cfa4e33cba21e8941c8fae13a8e54cdb2528636536e11
Writing manifest to image destination
Copying image sha256:991b78e5b022b0ec875962630122c8e8a6b65a1c445795ab6221788737be8206 (8/18)
Getting image source signatures
Copying blob sha256:10818cf27b78e1b28084ac988b5fc41d98a1cc9142af0bc2973dbf7af4aabcae
Copying config sha256:44136fa355b3678a1146ad16f7e8649e94fb4fc21fe77e8310c060f61caaff8a
Writing manifest to image destination
Copying image sha256:195e5038ab565d9192f4f7397ccfd66f8c3c82ddd6b1eee7bf6f848a4285dd1c (9/18)
Getting image source signatures
Copying blob sha256:1780a55671b71bac2fad55ce4b84185d5d12401c8fae42003ec16e9ad07d0e9a
Copying blob sha256:f218cc0a85b16ce88f0b295e09ea08f059389ba0e628af7344be20a2700e9091
Copying blob sha256:9eaabae3e97b08c5cef8d159359acf5de50f1033519feb4bd54f3b5ce491e56f
Copying config sha256:f9ab264154bb2fa45970cc3e7cf16beaf802c4a1e16e8a5aad7e46d525932a67
Writing manifest to image destination
Copying image sha256:2aa96584a56900b33a45645b4694d5673e9a1c12d532ca0d604ea131cfd66e65 (10/18)
Getting image source signatures
Copying blob sha256:d0d3313fc5f774d1b2cd2275b01c5bc2143d55d121250247faea76f26e7448d7
Copying config sha256:44136fa355b3678a1146ad16f7e8649e94fb4fc21fe77e8310c060f61caaff8a
Writing manifest to image destination
Copying image sha256:e9f2a796faa2da145bcc9a79cf0cc6bc399eaf333ba97f4e8c6f398895e357b5 (11/18)
Getting image source signatures
Copying blob sha256:5c37be0afa55ac8dd2111077222c6c70b9693445505ae01968f63a1b463a3500
Copying blob sha256:e2de96513ba9eb53b431787ec8a65cdde380ac4772a3e4c4b714dcfde2a102b5
Copying blob sha256:a1d015a80d5b07f6630aa88e4ae11b3bcf4f4e52f30ea76cee5a645a7490a79d
Copying config sha256:fb81c40c6fb8f0c070f5baab617a2b6e0650764f4d4f00fb139a3d85137eedbb
Writing manifest to image destination
Copying image sha256:80f7bee2afacb122a0bfc753eac794b3747d8e852564e6805aab909654c2cd0c (12/18)
Getting image source signatures
Copying blob sha256:c7d4e83587e84677ed096de0bd20184e071b65e11b2e380ff8d5421238a14a4a
Copying config sha256:44136fa355b3678a1146ad16f7e8649e94fb4fc21fe77e8310c060f61caaff8a
Writing manifest to image destination
Copying image sha256:33c5d07b5da6f0b0015e4d2a730e022eb9bc6560d6d9d654cae5f764fff1835f (13/18)
Getting image source signatures
Copying blob sha256:0d3a0ad31e7bc4df243696d1cfdb323edb291e9947442437ab5dacc2f6bebd96
Copying blob sha256:fb116658fa4bd5a6d6748b52184b8970b274d97818b33e806cec90ff1c38323e
Copying blob sha256:4b0fbafffe720859bc145149cf48d0c38116fc6cddc1e2c31974548d76354cb7
Copying config sha256:8b48f60fa3dfda0e367e2dd8e57ed139efd0969bb4fd435869e359095be98203
Writing manifest to image destination
Copying image sha256:847e5d60738190b73e7989436f7dc1c55503d518c0e6b3bcb49aa689b49f7eb2 (14/18)
Getting image source signatures
Copying blob sha256:41671982b592639457a028585c868b5d059e56697a70292625283cd34dbce324
Copying config sha256:44136fa355b3678a1146ad16f7e8649e94fb4fc21fe77e8310c060f61caaff8a
Writing manifest to image destination
Copying image sha256:1b1864317496a3ac2c0f1042e38e5bc51046a79f6b6aa8ec42c809e4cd6dda13 (15/18)
Getting image source signatures
Copying blob sha256:634882531a67fcc12dc9b4a3fd250c079c2b060c95b024a39c9d7e165c1ab63b
Copying blob sha256:7b694adf9dd1b9680f02f1458dca365ef3c3afa077ecb86f4c1ae12b519305e0
Copying blob sha256:ad8cec6395dd4c5008bbc3e8381c466b34918602937160921721fa4d8f5f4af5
Copying config sha256:a9870bafb6819cfb00e076ee3da272c721e5a070078de2487304eee998ffe575
Writing manifest to image destination
Copying image sha256:61aff53de6e4eca544a83b39e57d9fdfb7877259bc730b00cddffc46bd75a304 (16/18)
Getting image source signatures
Copying blob sha256:8c6b17027ff2b00386a7baf9851591675a4339fb62c676a8a9e1a813d6d27fa7
Copying config sha256:44136fa355b3678a1146ad16f7e8649e94fb4fc21fe77e8310c060f61caaff8a
Writing manifest to image destination
Copying image sha256:bf2ad34db5372478a4bf034078d8fa47369665bd5ab4c4fe57d9e098a816caec (17/18)
Getting image source signatures
Copying blob sha256:0cb313d9aa11263c17452fabf0df3a843f662fac04b5e7e48163f751c4599185
Copying blob sha256:a9986cd6f37dbddae7862a6d4be71683472e7c2ea708e87db14f8a6393c00f00
Copying blob sha256:47c276a5535e33d4869118be26313d175b26bf42d2bba25fedf6672d6a9e9068
Copying config sha256:a143cb4d7c94138c77d520e61c9f788209849c6af2ab42a0da5806ad042868e9
Writing manifest to image destination
Copying image sha256:2d23e0b96050c960d4a8f5ae3c0e9142b79ea3700a6c030b76beddd07d5d6389 (18/18)
Getting image source signatures
Copying blob sha256:58b36b46856e0561cb5e0d8b5b6f9faa833881e02e5289f6138e58a88c316f98
Copying config sha256:44136fa355b3678a1146ad16f7e8649e94fb4fc21fe77e8310c060f61caaff8a
Writing manifest to image destination
Writing manifest list to image destination
Storing list signatures
✅ 完成: swr.ap-southeast-1.myhuaweicloud.com/opencumt/ghcr.io/sagernet/sing-box:latest
----------------------------------------
🔄 同步: docker://ghcr.io/mhsanaei/3x-ui:latest → docker://swr.ap-southeast-1.myhuaweicloud.com/opencumt/ghcr.io/mhsanaei/3x-ui:latest
Getting image list signatures
Copying 10 images generated from 10 images in list
Copying image sha256:81ffb49b3f1b7cc0e15a3c015c2fb8f6723c5cf3f3083d98ef6ebb660abb8a56 (1/10)
Getting image source signatures
Copying blob sha256:bb11026505d662f528e605fb86f837d3867a8ca2fedb5bcb79db72c5c216e969
Copying blob sha256:ff1116805b03bdf394cc0f3692b00d94d75b500971d96edeb513087403426888
Copying blob sha256:bbaef3f41649f4aeb8a5020f7618676b7c2d16f13e5c8d80689d818688c18878
Copying blob sha256:545a04ed33271e67a7fd63f16616970b5ff2899afc12d21c4d30fe3a2f35daa1
Copying blob sha256:e2de96513ba9eb53b431787ec8a65cdde380ac4772a3e4c4b714dcfde2a102b5
Copying blob sha256:ba93ca42014895b9d6d668675f63a90fa1747ed84e8a0f709e46ee82e86e295a
Copying blob sha256:0770babfe15b140911d2f934136905355b2266265229756b1644d39e0ff0b916
Copying blob sha256:9fa8cf3ece0f514367798fe3738970cdab2d5101e73a71db84b228c9ce22e7cc
Copying blob sha256:0d58871c5d2a2a6ad10271bcb54f2780b86700ecd9a907982edca6d268b13385
Copying config sha256:2532d777b6da6614d6290ca71a8553a99f54adfb22bf956275f7ea060a95ff21
Writing manifest to image destination
Copying image sha256:bfcc1f908980454c7aee4b1a2eb6633f31f1bbf79758fc65a263a6cf76c64ac9 (2/10)
Getting image source signatures
Copying blob sha256:fec62e0df90c714e5a11112c595342c6d7aceda9c0f1606b45b7c0e47691a65e
Copying blob sha256:a9986cd6f37dbddae7862a6d4be71683472e7c2ea708e87db14f8a6393c00f00
Copying blob sha256:968b73122df544a25fd243383dc5fcf84ad04dec2eed54d1ce7147eca441b045
Copying blob sha256:133f47cba521d36d58e3610bd65cfcb78efde0bcd4a3b12aaed960c83add9f79
Copying blob sha256:ff1116805b03bdf394cc0f3692b00d94d75b500971d96edeb513087403426888
Copying blob sha256:b01b38e86681221d3beb3e5550cca9ce5ef89fa1ef188e2626bb3b7ff1cfdec3
Copying blob sha256:cc140078ae59374007fe67129e76262dcd656cd1ddeac2499f289dff7857a2f5
Copying blob sha256:020b32062adcdce96d0a55092c939418fc948eefb2c09558e1e30db03c48cb7d
Copying blob sha256:3fccea4161a27aaa31592e6466d8840316d6930773b51afa58e3594e21313602
Copying config sha256:c84f3fc96439c98414c833952f503998b8bd26bc0c04c136cac50d066749519e
Writing manifest to image destination
Copying image sha256:6d23feb0494a0826648d70aa0d0f40001af8c68a4e02850862e856213a756492 (3/10)
Getting image source signatures
Copying blob sha256:ea3579a4be8bacdea3d58c9cb0c4bf8b99e5509b8a122354c4b0b9a8b0459fa2
Copying blob sha256:ff1116805b03bdf394cc0f3692b00d94d75b500971d96edeb513087403426888
Copying blob sha256:1000343885155ea593b47dcf7d451916153a9f0dad75ae768654e276c5acbf3f
Copying blob sha256:bbe4e864a06a0508658918c2ea4e1204671f41a914432289c7e8a5d91a37fb02
Copying blob sha256:b69754af44fa342d2eae1676356e29972e7b26c9d894278fe6b2e485cc029b2e
Copying blob sha256:7b694adf9dd1b9680f02f1458dca365ef3c3afa077ecb86f4c1ae12b519305e0
Copying blob sha256:af8d6a01ceb3336e70cf217e73ff03939875d755be718cb4f2ce7c2db182e60a
Copying blob sha256:c1e60d51fda09341fadad3df9ecc1326e764551d420dc529454b0ce5a986d812
Copying blob sha256:c578f553de12dc1eaa4bd3f995469b185587b5e8b7a676b9e701e1a9f3527ab9
Copying config sha256:17949bd7204c2dc5d960352422b2d4b337c1bb02012400c127bd931fc82040c0
Writing manifest to image destination
Copying image sha256:98211effb7031a5237bcbf2975b2d8a7dd369f226beafec34f902ae8cbe829d2 (4/10)
Getting image source signatures
Copying blob sha256:ff1116805b03bdf394cc0f3692b00d94d75b500971d96edeb513087403426888
Copying blob sha256:a64f777aeafea5f933a39e8174f3a0335d974209a69750057102071f00881dd8
Copying blob sha256:f218cc0a85b16ce88f0b295e09ea08f059389ba0e628af7344be20a2700e9091
Copying blob sha256:60debc3137a4efa89f81da7b8fa52f96c187b77687dc8f1b81b85316740a5c37
Copying blob sha256:847e5ef502dac144f046fc83a96ba4de9471d144d0dd540c9c6389006f16d0cb
Copying blob sha256:cb987dd49b69827c18670a4c814359a54fb2fabf5090fd5e953a602617a211ac
Copying blob sha256:aacea5464aaf6d13411fda7d36c9b1ac99cc1c2e1d9d9bc8ba54860ee37f2f02
Copying blob sha256:60ac73950274b30586a609533cec87cb7a9ef26878c2278f55592d0088230a0e
Copying blob sha256:b0fa7995b809160b77488b3c87edcfc514c15ed7a93e452b782d5dab87bde0c3
Copying config sha256:0d6bcbc47c3689a12decb7162d10d17f14b5f64004c1853b6b9fec46884ea269
Writing manifest to image destination
Copying image sha256:0e7ec5ff464dfdf74c01f7049ab58c2e059384f3ec50c979c837fe63b168507b (5/10)
Getting image source signatures
Copying blob sha256:e813cf16fac3aed46c6aebcf45c4fcc8e81d242ad888203fafa0ea985f3da5ff
Copying blob sha256:b27878adfabc4b6012be3d96e71e8731d2a94ab3c693b81c183d5bf06395fe00
Copying blob sha256:bc67e69d24e030690a2ddcda19818e2e848eee3c9591b7e32355782a820c7969
Copying blob sha256:efaff2cccf49b30bc1b224ca6e185d8d266419b55f9b1e7f621cf81d766d5544
Copying blob sha256:7be2e280ebe651ae43469c64580d088eda7831741949c39082fb6d3333d52edd
Copying blob sha256:ff1116805b03bdf394cc0f3692b00d94d75b500971d96edeb513087403426888
Copying blob sha256:bb4c0f7efcbd3bea472eb0e242ff03a8c3b96031a5b0695df1cd74619c90d09f
Copying blob sha256:7f36e63e71d67adeab6bf5a8d326cd35e70a168c93fffefc5954f22c0e251c05
Copying blob sha256:c960687ff4ae389f3e9fb5d0e906b745348d37159b8f89e4ea3a9626eb958752
Copying config sha256:d9396f0e3973371977fc5a1704b04c457fe7c0230d25220091f826e090917c22
Writing manifest to image destination
Copying image sha256:808a4550909cd6fc9821ce9ff388f3464e407490ae4f7dbc7787310733209ba0 (6/10)
Getting image source signatures
Copying blob sha256:d3783879bbfd182ed2533289b8d18d6c2569659807e8d10dd453c5185fd780ff
Copying blob sha256:221d9b2c7f0434f1dd6d9ed8d18496ac3682047cfe23ac5fa3c2b5896490b142
Copying config sha256:44136fa355b3678a1146ad16f7e8649e94fb4fc21fe77e8310c060f61caaff8a
Writing manifest to image destination
Copying image sha256:86f4fa7cb4aef6cde233124e7e8a84baea845c343b15b9376fa6768375e3c916 (7/10)
Getting image source signatures
Copying blob sha256:b15caa21a904e97e8852a77834698e04190e84cdcbf3f5a64aa4172c31e9de3f
Copying blob sha256:532d5baad02e729294d904200dd766d3c172fae82362a9da80302b1279a4c915
Copying config sha256:44136fa355b3678a1146ad16f7e8649e94fb4fc21fe77e8310c060f61caaff8a
Writing manifest to image destination
Copying image sha256:a277bc56d3405f0a90419af2c1823240a1fd6881d8b91a14c7465744d94f7a40 (8/10)
Getting image source signatures
Copying blob sha256:78f5ce62c3ea254117099e7e976beaf67c5d30ee607316aec5437504ca174614
Copying blob sha256:5ebc1d5933039e6036112bcee7feda12a60f9f7945051df044bdb19f97449590
Copying config sha256:44136fa355b3678a1146ad16f7e8649e94fb4fc21fe77e8310c060f61caaff8a
Writing manifest to image destination
Copying image sha256:9e39808f542633d9209f2bcbb43ff7278af6f9ea639051efa189edd1b5c6fc53 (9/10)
Getting image source signatures
Copying blob sha256:16ff39796d71eafe793a87fabb7a7ce81999a0eb2dea18709e60c94525eab984
Copying blob sha256:6308b9b7264cc07089392a3f14fc7021c097e66871e2a2a463a55abca262f9da
Copying config sha256:44136fa355b3678a1146ad16f7e8649e94fb4fc21fe77e8310c060f61caaff8a
Writing manifest to image destination
Copying image sha256:ebf9a6e0d7940996932a2d42047ef29ff077f3ec21b6162d0356f3f47fc90a44 (10/10)
Getting image source signatures
Copying blob sha256:1d3a9eb449c6ddc366ac89a716c57adf50f45fbe0c7e91b2ac0e09555f4a0c5d
Copying blob sha256:b5d23dd33a1bd91e32c11ccc1a497ad6344df72bc5f8f62ff5dead0527ee5e22
Copying config sha256:44136fa355b3678a1146ad16f7e8649e94fb4fc21fe77e8310c060f61caaff8a
Writing manifest to image destination
Writing manifest list to image destination
Storing list signatures
✅ 完成: swr.ap-southeast-1.myhuaweicloud.com/opencumt/ghcr.io/mhsanaei/3x-ui:latest
----------------------------------------
🔄 同步: docker://alpine:latest → docker://swr.ap-southeast-1.myhuaweicloud.com/opencumt/alpine:latest
Getting image list signatures
Copying 16 images generated from 16 images in list
Copying image sha256:d56c381f961d307a21b3ca004cf1e3910f106644aefb1f43e654c8a56c4fd395 (1/16)
Getting image source signatures
Copying blob sha256:e2de96513ba9eb53b431787ec8a65cdde380ac4772a3e4c4b714dcfde2a102b5
Copying config sha256:320994c3b997e2ec6433f717f153e108023c5bec8fefa8d76b83451d16d05ea8
Writing manifest to image destination
Copying image sha256:350f747a86e8774d359a4f452dec12a2585e73bf072e71c5f628455843b88c71 (2/16)
Getting image source signatures
Copying blob sha256:6d0606d1815c86bb4dc32b5568ec3171a50eae0ed0a3c62bdfde5104c299931d
Copying blob sha256:797dd00a0fc71633e5e0b005b3d0e5b67a47d56961231f44932cc2f5d281acf8
Copying config sha256:e7c84494fb9316d55ed928c53b6c17b67e6cb907f1cf349a10041b7f4f4c11e3
Writing manifest to image destination
Copying image sha256:d3c3fda3e4d3f0fcfc86cf469c6dfbe65017143dde23feb4b11df37c373cdc76 (3/16)
Getting image source signatures
Copying blob sha256:f218cc0a85b16ce88f0b295e09ea08f059389ba0e628af7344be20a2700e9091
Copying config sha256:bc5afb049fb3f91196c7c96b01901b7f8b0f227319cd367239ae4576062a09a7
Writing manifest to image destination
Copying image sha256:e1ca081cf7a9d7260dca29eedf497144adacc81cbdf0afd3f7402f7df5c5c12e (4/16)
Getting image source signatures
Copying blob sha256:4aab65809a190d1ec205e7d4d34144d3bcb9688390ef0000767b829e242ed62c
Copying config sha256:846f3e02975d37cb411eee0473e9cc5d8811321a2ef1b5f5be6d9bbb6eb5c1f0
Writing manifest to image destination
Copying image sha256:0a13654ecd9b19a728f0bee49d7245ffcd9b9f31ed8d69fe8753e39a8432bda2 (5/16)
Getting image source signatures
Copying blob sha256:7b694adf9dd1b9680f02f1458dca365ef3c3afa077ecb86f4c1ae12b519305e0
Copying config sha256:6ce7335803cd9c26f82c09545cc43a240bffb832fc494435f520b04763dec327
Writing manifest to image destination
Copying image sha256:01d8e8fcca000e1455ca02632ace4f5c70c87f74fe28558328f9bd463a3bd2ac (6/16)
Getting image source signatures
Copying blob sha256:30a8443c7834ec569ea4e596651698d49389cc1011720d6650da659c25f5e838
Copying blob sha256:e43ffba01fee7ff16da92b9e92ab7209f70fb4ea384ea2f04c97429c23a7930a
Copying config sha256:03f310a5884a4a6deebba0d35f3605733149b04df48ae3deeae36f933b3f5f8f
Writing manifest to image destination
Copying image sha256:260479a1cfaf304c4c20da7f8405d3ce313513dcd534bb743257bdd2fe0f3e2d (7/16)
Getting image source signatures
Copying blob sha256:a9986cd6f37dbddae7862a6d4be71683472e7c2ea708e87db14f8a6393c00f00
Copying config sha256:33bee74c45f307e3268adc2010c0f55c48e7a6041e12cd12432bb1a46e498e43
Writing manifest to image destination
Copying image sha256:ecc9a3031ac9bafed188097b6e65f328f5bf95f032d5e30030532cb259c6e006 (8/16)
Getting image source signatures
Copying blob sha256:36c38f094eae6b8c898327c8ba99b22c1c113e91d0921c75ed91f9822b64aaff
Copying blob sha256:ec67817084c65cc94e49ae8782110dab2ea31ac3d2b7a0ac008fa4862049acbc
Copying config sha256:19644b012bd1baa1db04265cc57b04a60e6dae087769ebdb95590925f4e86d2b
Writing manifest to image destination
Copying image sha256:c54a80678a9e7a744b39d478329d5eb8e568c2e0321defd14cab57047557e202 (9/16)
Getting image source signatures
Copying blob sha256:7be2e280ebe651ae43469c64580d088eda7831741949c39082fb6d3333d52edd
Copying config sha256:53b03f7bce2ce817da1ebbf0538b6a554901fdfec5371afb749c5692c7a41a48
Writing manifest to image destination
Copying image sha256:5a8286dbe5f664111c93bc90b0105176872eede2a3af9512aeb4cc1c390af9d0 (10/16)
Getting image source signatures
Copying blob sha256:552afb1644d34297150ff56368124d8636640095d66dd796754f86fe0428334f
Copying blob sha256:b291c3f6eed2fc7c7799024bb5ebb603f618ab3434df656032192719deca726c
Copying config sha256:833ffc4c00a208f5714b79e6192e6d1daa5fbf334182aab9ed252ea4a541fe81
Writing manifest to image destination
Copying image sha256:f34b729ba6dc5bcd147ff99af45f81c1bc68ab619067c39cafd19327dd04b7db (11/16)
Getting image source signatures
Copying blob sha256:ba454b17b5e915ee06cfc2c66078f1264549d4f6cdd08dc18cd56fdaaa487b25
Copying config sha256:b7e4230bef805d1a1a36b3dd11a39184e7997fce65ec63ee06856eb2a8c6ce57
Writing manifest to image destination
Copying image sha256:f627e01635bd94bbe4f6d438dd53476a3163e53730a83d1f0ea23ebd426a9acd (12/16)
Getting image source signatures
Copying blob sha256:58655cf6c4e248267aa9454a6d639c80cc6ae146a74e668a0c72608effa3cf3f
Copying blob sha256:f5956e23bf796e197c8ab2f81a03c9b739c1aaa838640db477137a0bb3e50aa9
Copying config sha256:2c4d3918fcf6059d3b37c1f883611ff202af71d91e85b6ce746a949dfa1fc05b
Writing manifest to image destination
Copying image sha256:1320e86f94641acc6c531e0519ca4285f1882612d52c654dfa4f1bb65b48a04f (13/16)
Getting image source signatures
Copying blob sha256:64f7f08b6763becdda2e72bfacdfd36663e4847bc6fdb366336127620012bc02
Copying config sha256:bf9a30005c5066ec53d216cea472b75e8c352a1454fa4088d51729ca388e36db
Writing manifest to image destination
Copying image sha256:ec6f2ae075c1023fbf18e7224a3c0984295f83c31e9311ddb3292c604699f9e5 (14/16)
Getting image source signatures
Copying blob sha256:32bb56d628cf4920376fdc5d5b68b26098e0ae906d0eb9c65f675e140a1e968a
Copying blob sha256:9cadd36f68ec99727e9b541270e89684057d2ab2307f4481015faf2b16f4a240
Copying config sha256:ecfa8d3ac32744c597ca5bfd386fd0935d06fffbc4d9f1b476de8506ff2cbf10
Writing manifest to image destination
Copying image sha256:ce2789264b55ef57693ad3aebc95d4ee9e46288f769f43ab5f37554853502289 (15/16)
Getting image source signatures
Copying blob sha256:1bdda2e019dd384cc5410b8fd73c0c305664bf6db8ebc07b058877aee1a778ec
Copying config sha256:5da7a000f4c66188015d8e474bd7db68378377835c450ea66e0a97be2b785348
Writing manifest to image destination
Copying image sha256:d72add410491397eebc3bc51264ba20500f329d198cdc729a16c693eb6643b68 (16/16)
Getting image source signatures
Copying blob sha256:04bc601e44bb217373315b16564c60c1bfeb5eed467131ebb6a175432b92b460
Copying blob sha256:cab222b2685d20097294b0b2b06231f823b90806d40f7818ab92bde4f35c4e41
Copying config sha256:2cb1f77fc8b37690b2f85b44c162cca2e49bb289282e70cc5b6694fd9ace1a13
Writing manifest to image destination
Writing manifest list to image destination
Storing list signatures
✅ 完成: swr.ap-southeast-1.myhuaweicloud.com/opencumt/alpine:latest
----------------------------------------
🔄 同步: docker://ubuntu:latest → docker://swr.ap-southeast-1.myhuaweicloud.com/opencumt/ubuntu:latest
Getting image list signatures
Copying 12 images generated from 12 images in list
Copying image sha256:88a381d5b5eeb2b35d3ad70925a362c37ce569daf43ede89ff818ec20e4d3794 (1/12)
Getting image source signatures
Copying blob sha256:4e07a0f12b2c009f98326fa391e869bd52fc63728c482400af6cb752bc16744b
Copying blob sha256:06ad70e463aa4a17833d00d6d5d346c895ebb66fee637eefd67024dc6cdc2f1c
Copying config sha256:6e92c4fd8dfdf7276d56743a65002a91c9eb35dbe7af327e6c85bd204b646156
Writing manifest to image destination
Copying image sha256:e1bc42d6c867c3b8eb305cd9edfb144488a721631e17105c5b30890ec4e7bdb6 (2/12)
Getting image source signatures
Copying blob sha256:8f70d2bfe91ae9ab8966ab965b482fd04f86047eb78c1ff48675d81efd3897d6
Copying config sha256:ed4b0f595ad930f68cb281baa9cb9e62fa91cd34422fe8bae2207b2f1cea4717
Writing manifest to image destination
Copying image sha256:b6494803896c506c06af0b0a6ace05dba93223f157da57ba5c645a1571d1c25f (3/12)
Getting image source signatures
Copying blob sha256:8d05a1bce55d568a59f618862891d55343aba4ed1af2455c1e2ca96a615344b9
Copying blob sha256:bf7b4836e7438e88b9c61586d9311de762063b89a9d0e3a79b787fb3046fad7b
Copying config sha256:1b369696437914e29a56e605d21d82a7fb126c4a709be9e3d7ec8540795098f8
Writing manifest to image destination
Copying image sha256:5c4eebf590cb46cab3b31ebd616225fabca906a9253c4129116a4433bb6af4a9 (4/12)
Getting image source signatures
Copying blob sha256:036f8a6fbc1be2f57a85b079122f59999f402d9d70902d7a58bf7730a3ab7ef9
Copying config sha256:e4aeb622db143bd5a785c6e6617ae89fe2cd5b127c3bfba617f5db14ed764a10
Writing manifest to image destination
Copying image sha256:3ad1c71aa6b7e477f7aa91445a5442fbb163742849393b511661a88081c3d7a2 (5/12)
Getting image source signatures
Copying blob sha256:5fa77813dc560f299656013d742628128cac51fdfda979349e96a9f09497170f
Copying blob sha256:06db5ba23986104cd78dcfa853ddf2354c943d2efefc333eca2b447d4559d89c
Copying config sha256:a1b016b8418dc08803fa0fb3aea39d5029a8a6c05a861adf9905a20d7307bdb4
Writing manifest to image destination
Copying image sha256:4577594852b7ef538bdcf1c22126d1a7346c040f5e2eda97518830a2f2eb9e23 (6/12)
Getting image source signatures
Copying blob sha256:a9ea534126933fb25f850af7823b89dada7bc92fc59ce4db431da2ef912c9365
Copying config sha256:5bee06de0fa000839a62dda0ea5d8ed4254f70ec2fdfb60c3fcc11547411e10d
Writing manifest to image destination
Copying image sha256:8e2160e074a674ada24f38141945bac8df26f88a47d759d05bbb2fa42a9ea3f0 (7/12)
Getting image source signatures
Copying blob sha256:a8f37a94bbdd591f234d1c72cb2519dfd51120a905756ba0cb98728f447abe93
Copying blob sha256:24cb2080a4f15f9f8f3e5b34cf3d351ca6a179e34ef7a5be195547649bea7b44
Copying config sha256:f0ebc13ff99c3c00373eb9771371c28c60929dff735a0c8ce23c412fa4b57da6
Writing manifest to image destination
Copying image sha256:45bbdc2b188003ba739085f4b37edb23fd35c0f9201c8a420585bc3118f6cab9 (8/12)
Getting image source signatures
Copying blob sha256:7ef55a67cee2316f89fd9557ffad839476744c38964bf347d8e0d9d334327354
Copying config sha256:e4a1cbe1645ee418821a20c22e821285c6cf4f0eaad195c316ff933092f11fc4
Writing manifest to image destination
Copying image sha256:2e230ede84f76c54c57437cc1f1f9f8bf1e5f78031fa0b1d532ab7396cc5612f (9/12)
Getting image source signatures
Copying blob sha256:db560e4d8eeb4a61800db71f4bcdd7def6cea15fe32fe948848a78b0f392543a
Copying blob sha256:2d9680e53f19447268787afeef00096eb048e850a5ddf8e0af81b76b3cf8fcb3
Copying config sha256:ae34af007b0a1d0d60baf32d7678d635c28af42d06fa21ae61194b8bdcb9eda0
Writing manifest to image destination
Copying image sha256:3e51c721f6b899a10d32abf0113cf2eb939ddee6610f943c2be54afc5dee78cb (10/12)
Getting image source signatures
Copying blob sha256:277509e14b234c232772a305964dc933cb5fb004da9acf6ad2c5a68e671b7b6d
Copying config sha256:28176def7ebe04481c21d39c683020b77dcfa81d8a47ed9feaced1ab35812924
Writing manifest to image destination
Copying image sha256:d812c8d15b3ff6102cf9c0a5fbfdf97d5ebc2193181672db87a4193adb641fde (11/12)
Getting image source signatures
Copying blob sha256:9dd388e78139fa95688128f54e9acd78f41931e116be2f83de83559b714894c3
Copying blob sha256:d6ebc3b508a6f57d9b3b99430767da95a84a53508b118d1f4ba5df92e295dcbc
Copying config sha256:cf3045524d7d4ba957cb19fb694b4562c8f35cbd37c8ea5115aec6c83aeab798
Writing manifest to image destination
Copying image sha256:5de45f5b7c1505fcafaf012042837d91f8df7abdd7ab842352e52782fc3e04e4 (12/12)
Getting image source signatures
Copying blob sha256:0b2a7f3719b1d93ab99424da1a07c66c65b3b1b14aaa7226425aa858d8ce0748
Copying config sha256:4703d0e7299f270a2cfa1da9630302ad9315abce65109675f0520be7590cb675
Writing manifest to image destination
Writing manifest list to image destination
Storing list signatures
✅ 完成: swr.ap-southeast-1.myhuaweicloud.com/opencumt/ubuntu:latest
----------------------------------------
🔄 同步: docker://nginx:latest → docker://swr.ap-southeast-1.myhuaweicloud.com/opencumt/nginx:latest
Getting image list signatures
Copying 16 images generated from 16 images in list
Copying image sha256:8792d66247249c7efa6b5ba788664dd5cc827073eaea0b1b6eac70846ec6d58e (1/16)
Getting image source signatures
Copying blob sha256:8020170dc65f2c8d9c6b75501be93be0bb7a93438642c6f362dd7e00fe300277
Copying blob sha256:04bdbc7ea6b56fa548bcbfdb3efbb8a892fc38f207ed2d271eab06803ef08fee
Copying blob sha256:1efc5319292722aab1db28a5824bcd2e25fee543e04a0ac519d8d1ecf034ff48
Copying blob sha256:ecc510c1e359bdc007b39802570bb7e4dec7d6ebccf357c3201a74299113e05e
Copying blob sha256:807ab930f3a0b83345bc42de5ad541c4489d5760c98e81d5ea14dee9d810cfb9
Copying blob sha256:947d22046304754dc93b32376e9fd69c91a963bb81fa74d0c4dde2ec15331e00
Copying blob sha256:f7e1db57b58baaf3027e8c5e764bfcbb385fa02df3f4c0202b1161e88f2c299d
Copying config sha256:57df7715e5164e0a18083ed0370e230f9408a90a17143c2bcb75353f5016980a
Writing manifest to image destination
Copying image sha256:36d6c60c8e50bab449010cd07652358cd42a4e549b42b4629c7a1efd8d693e93 (2/16)
Getting image source signatures
Copying blob sha256:a1b85ab28c90f477dcb7e0cec6a31ff03508ce97152592977e8c6910d5aa1ae6
Copying blob sha256:c329293b1d908667c3b815ac53128bafa65d18e715af324ff5996553b520200c
Copying config sha256:34e3af8ba460d177cd19420d2839f88c68b0412cf9add1b177c4ae555357d7a5
Writing manifest to image destination
Copying image sha256:4b254cbe8d6f3d023754a3942495644f4bbec9135fa9bbd96dfdd617b89274be (3/16)
Getting image source signatures
Copying blob sha256:ff6695bf6e179f1f6e8df7479a34a1f847751322283dded00d2117465075fa3d
Copying blob sha256:cb79ce05d3152dc6f7b8608f1f449aa1fbf1541a5dff435139649d755dd23d93
Copying blob sha256:c3aff1e29c4ea9717d2b75819b7a18a6aeab7645df40100a796b5c731e0594cd
Copying blob sha256:14e6a684cc715354c7e9fc171a3f85f5514e0ac3e15925ae073b52df77bc18c6
Copying blob sha256:8acc35b2d291aa920533690d0c9992dca04966bab57ac15d3823d2de9f54129c
Copying blob sha256:96fc38095b2bd6f47ebe703a3bdba1867c95bf74edbac8c6ac37c7cbf4f2da57
Copying blob sha256:5cbe923e7e2b09205c5219ec81686fbdc6d932864c23cb4a792fa913d525e60c
Copying config sha256:84f491db1e518c60009651f614decde4db0b2b13fec693ea5862b6933a3c39d3
Writing manifest to image destination
Copying image sha256:8a737efe75dbda8aca3cc18bce03b04200a5686ad264bad2a9c0b02599f0da12 (4/16)
Getting image source signatures
Copying blob sha256:93c539b92c1a12a88e7eb3b457388c2bc24846dafbbaf3bb61afe91066c382e1
Copying blob sha256:76f2b9df4f9f2651b0d94227ce9bcb5d9300c33de50b5590e7e23639368d3533
Copying config sha256:79a5916da173408e845e9cad58c8d87436a987238b0af7fb79b517c9270726de
Writing manifest to image destination
Copying image sha256:758b9a2dd2b8bc7d286be2a7220e1281bbbfc933d07d1e517a6e3e74514f69a8 (5/16)
Getting image source signatures
Copying blob sha256:17ce6f8bb679188c87fbd7cf657f3252cf69cfecf35e2df34da6a87efb9064de
Copying blob sha256:300a23646f25b185ab2272dd30c5f746e1b89a5b96a25accc2ae4aa55e80f6d1
Copying blob sha256:81f4d26cb1658e72c13b5630d141ca8cae4256daa02f540f2a5672bfc2f44483
Copying blob sha256:4326391e0e20adb9331bc69b45f18db1e30b8accdeab94022db8915d775ab0a8
Copying blob sha256:0703a66643141214e4f368fc7550c4080810d70b1bf4986351231d2df6fa55ff
Copying blob sha256:897271ac2bdb81b9e84c4ccb019fd8db85e37d149ab88c040e7527a050b5dfe7
Copying blob sha256:feca7eb53e46fb0899d119da2670b58d251a539d27486fdbd96749da8c126683
Copying config sha256:1db11503decc456457efe1623dc87c0fc57c328744a2269ca9524a58fd909527
Writing manifest to image destination
Copying image sha256:2aa2e02ed973f60a13815d16b91bfbbd86edbf582b306256a1c30657002e0f80 (6/16)
Getting image source signatures
Copying blob sha256:dcc0742590535a2ae2597a36a889f8ea9d4249077075b7297d5273168defe83f
Copying blob sha256:357035b7df2ea92e60f31b62fa294ee5b4a51b579380fd6c1d694d0da8e3853d
Copying config sha256:404ca3a07e9835d288ff9d2485f73964221be1da251688200b13cbc25000e3bb
Writing manifest to image destination
Copying image sha256:f9cceabdc075607fcdca9d7d5714fb82044bff57ae2fe160b39b822ffc31c46b (7/16)
Getting image source signatures
Copying blob sha256:74db6078a267237a135673d3411d5a1b28737ba0ce5630fec63d5159054fe73c
Copying blob sha256:a0eaca4f4a896724fcb490d9097423e57e960670bf37724cbfaabc417054ee2e
Copying blob sha256:bbeda6b4abb749f743f4547ef5a28070a14de8caef211daa5afb78d5b5fa21ba
Copying blob sha256:c6d8c112974b549fceda2d1617f4b11bc095b1bba824413f20bc29ec61e6e3fe
Copying blob sha256:95266651b1b541574d83631cf675aa3dc817ade54cb6af37d26c13dc749ff884
Copying blob sha256:848dbae53a0f1433b02cf9bc8659e49e3276c4ab8b10eb0f554d897dc78c5d46
Copying blob sha256:b496ef725cba787e61a6f2b964f763fac7eb6930c6730e7f78790db9ca0356d4
Copying config sha256:4766b8404b1d7dddf0408498394a3ca78ac0f26882e8ff70289a19624135b3a8
Writing manifest to image destination
Copying image sha256:b59f2c40f5844a1b55b0cedc9a6667322d79f60f0d9417c6aa64ea00b916965b (8/16)
Getting image source signatures
Copying blob sha256:58f461baacaf10867e23527fdc261458bad565870ab9fb44bc6c9d8efd20ae65
Copying blob sha256:10ef391a6a6609997610838b92aab10ba27ce0d4add9f6c1c2c7c0e729d49e8f
Copying config sha256:6549e8e2e314e8a6a061d3ddac572f369b4f1ea666e44bfa1417928c11b9dcbe
Writing manifest to image destination
Copying image sha256:b1c153789d3849b12a7096e38b46f6c156dae034011663955e52eaf3ea961cee (9/16)
Getting image source signatures
Copying blob sha256:7adca9251d5c2bbcd31b0588d51c2b360df64c8cb60965994fa8e9b71deb91fe
Copying blob sha256:d05d65fbd3c6fc45be7cb44fd8f65d78afa306b5e7ee9786206595809b9f8dab
Copying blob sha256:e908c5af847903537a5803761215d4ee8cb40e0e288ad3295eed7ae4bf3b0ced
Copying blob sha256:efd138e541221c3e8f3099d7a78ad8b52ffb0e46069ea09303d867088e5018f9
Copying blob sha256:b59aaa0193108c500830004d6b7bf57fbd8ddfd00c73f9c19253d16fa8acb12e
Copying blob sha256:f4e465f66a99228b7eddc838a4dd92da6247fd2ab71b156757eed756e142d7f1
Copying blob sha256:bfb5c8de8cc826b4fc06bda8cce6a75d7c4d11aaca0881a6b6fb728bf9ba2aaf
Copying config sha256:0259e03aab797b5589d667741527c367f848c72d96a7554541d57d74ba5c7844
Writing manifest to image destination
Copying image sha256:dc5ad95588f80db3ed73878046c0606631f59ca6a25355b81c34d42b8f94d678 (10/16)
Getting image source signatures
Copying blob sha256:bcd0dd6b6af3381405c962ca7a13f6867c325361b33d9cba796a4ac2d8db6f94
Copying blob sha256:84123029a3df09573080330139b5f3ab46266b225687e0cded5c4b393757affe
Copying config sha256:1802efe7a2f6b56e4487ccaafd807ddb94a61d465e4d616f3117e4e3fd335e7a
Writing manifest to image destination
Copying image sha256:d8839716acc7a25e89b1110339a2026d1fcc028c8b58b97f3a23c951907bb97c (11/16)
Getting image source signatures
Copying blob sha256:d08820423e9bfc3beb7f25fb37284a8aca09ccf41d77c260e1b8314ec776e0eb
Copying blob sha256:5ca0f09a490b90798516816fc3a5f086b1467ed56f5252150458c41384c9aa5f
Copying blob sha256:0787ecff2ade4369aafa8e00bc1d6e0eca7efbeffa7b100539ddd8c596887b11
Copying blob sha256:9e28e4a67e91eb217117a01ac666bdbd2d119809b1dd42c138c457c9202add36
Copying blob sha256:af44409f6ff3b5c145cd109ce56fba92ee8f7a4d41371f09b68754b2beb4bd64
Copying blob sha256:7c407d237bb1f4a7394537f690849ca459c7bd49557eb86d570011d40215fcce
Copying blob sha256:259922a84be4d80b67ceb43e7dd35147fc8b90e285829f895eb96e4613a32d7c
Copying config sha256:f104bca9faf77583cd19fe8831b019caf89ee52ebbf1a8ba14fa232db1db884e
Writing manifest to image destination
Copying image sha256:6bec034e6b8f095cd8ef8df0aad2ac2e76ad907fa8d898788c98a8005a9312af (12/16)
Getting image source signatures
Copying blob sha256:0f6419021703127efa18cafe9835017bad438c073d87b3fcd5f78f2eaf6beb0b
Copying blob sha256:a137d928555727aac670658c03fda191de54aaf829d77d9bfc15b4ec158b37cc
Copying config sha256:91fa7e605a8c74d06da97be379062bcea7fa6cda2bc7e4497a4007c589b68fe6
Writing manifest to image destination
Copying image sha256:9f1d10e21b690941793f76cbc6df29a8974ac2815dcbbb6d850144fdd53369ae (13/16)
Getting image source signatures
Copying blob sha256:7d578da7633d7e42c19f232f4f326e3d3515f2dcfd21f7ce7a150c33b3709917
Copying blob sha256:794243aabb3709cd46b24eec1cdb53fade9efdbfcec8756c78ab0ef05e839357
Copying blob sha256:f3444419fc0430236ec8be73d1759683fb92efb1eb57784ae65bcbdc893efbbc
Copying blob sha256:a69f15f17897fb3b0a343c1b77ca624fe6d93350e5971056557b556a5a8b704d
Copying blob sha256:cc4aee3a98641446b442580195df84016ac154a42ac3aca03c64afbc8300ba35
Copying blob sha256:56c01a4f9af004592ad31a072eac1bcc9d65943926eef65a977e185440edd3cc
Copying blob sha256:28c1562664d170dfd0746e1a3bff52dc7ecf763f95bb794f2900e09600995253
Copying config sha256:7f608302f44f25bf44359e295fa3275e9805bba91daff196ff31c20e166e86f3
Writing manifest to image destination
Copying image sha256:aebba161d93e7ba5e9b3d337b3e1d56cfc562b3c56321b2f1f6e6d886f2ae6bb (14/16)
Getting image source signatures
Copying blob sha256:921c1330c40b14dc442987119a09fc3925f3a69bbc6ccce624a4076e5ac68ace
Copying blob sha256:5493ca9053612d26a0a5d0d1caea9fc8b75c80acd6d0f9cf0b283ad2147e19ae
Copying config sha256:9e6692401de739a4878b2092386ea7da0c2b4b420e702b2ece1a0f1d62948fff
Writing manifest to image destination
Copying image sha256:c2c3dc7c36f4a57036bebcf420304ce7b5595719282c0cf92172e82461195c8c (15/16)
Getting image source signatures
Copying blob sha256:681d602676618d58be22bc064a9d3a9b75b4008529dd673e0a203feecc9f7c2c
Copying blob sha256:7dbdc5fcc8e86043b42df97bc2866e648c2a65a6e929f333a11964c7504bfb94
Copying blob sha256:fd14e6ce0256b9093e480e6146009effeb6c2bc486ff0052d50a32cbab8335fc
Copying blob sha256:9c36034e8f9a42d96fa56ffa69cfacf87df462cd82cd8eb83f49b8339ff71e8c
Copying blob sha256:0333337039cffa8e201656dfbc443a82cd4a203e9da9386ae45db41d887f49c6
Copying blob sha256:9d49f7c521df8185ecd3dadaf7ee4e16f169708446f9f39d3450fbe94b151df5
Copying blob sha256:ba3fb1e08b8affa09a7158c3e0cc3889243686b0b8a4afad007e5a09043dd3a4
Copying config sha256:b54d13dd7d3d15de9e96b9c8a5eb93143740d7105ada9359fb8f5b148f11fcb8
Writing manifest to image destination
Copying image sha256:0a703cc914a9e2f06f66dc078fd3d8298c2a1f346f2bf79e732a6c01d70a52d1 (16/16)
Getting image source signatures
Copying blob sha256:a91ecf71a576e3bc21e6a6f05925aa1bbe56daf84fe0329655ec61b1e6eeabb7
Copying blob sha256:85171a18c19c2b46f186c5099e670c62acfad6264b74fbeae6be1eb90b84d627
Copying config sha256:0505aa5925bd31f0dd149afc3279e4d88cba54d3fdda69523bdd44f27ab7e594
Writing manifest to image destination
Writing manifest list to image destination
Storing list signatures
✅ 完成: swr.ap-southeast-1.myhuaweicloud.com/opencumt/nginx:latest
----------------------------------------
🔄 同步: docker://node:latest → docker://swr.ap-southeast-1.myhuaweicloud.com/opencumt/node:latest
Getting image list signatures
Copying 8 images generated from 8 images in list
Copying image sha256:1f1e4d3e6211218e91b1ebaf9efe26526c53ec7a2d7caf201af9b6812095b14b (1/8)
Getting image source signatures
Copying blob sha256:dd0c2590ba5423c76d2d440c579c254b555761eb86548b2a9946c1adcf022ca3
Copying blob sha256:62fe2e747f69f2f414c7e9eb1553155cf0a658398f0462557f458821dce2b29d
Copying blob sha256:b2eb680928d477abf960adfa8bb00fa681dac38ca5f624850072ed2976a80607
Copying blob sha256:4dc3950125ebc9ed195e1101fc6c02e2fce113ba0f53bfb05b2cdf58747df9af
Copying blob sha256:4846f29007305297af653c57bf9b60ba8f676a38695c68d98460063442581671
Copying blob sha256:82740cc6210edca90d8f2088f1dde8c1541f0873754e4b0f83a035b43fb78b6f
Copying blob sha256:d3424ca252302f02736a9387694e493fbe5488051c7c41e2a65eb227f88e5647
Copying config sha256:5ed1d6a6020aced2c78cbf975fa429bed16471175aa40b474c9beb2f81ee8d72
Writing manifest to image destination
Copying image sha256:8623d47db7fc2566721d7f3d337e808df190817d6e85088443a6a04b0fabc760 (2/8)
Getting image source signatures
Copying blob sha256:ee66feadf3920cb44c549d2908fe4d6b13d7534129914480ebb8d757d47a79c1
Copying blob sha256:263e5cccf23ca0f88d956c986b41fcd9d0e0553cac9fe5c53ab0c57ec1bd6de8
Copying config sha256:81a1bb69e457688bba41d687b39ba749a45ff507a8a86b8329839c3799ccfd38
Writing manifest to image destination
Copying image sha256:7ca987b3557ad96124ee9d44e9530cddd4dd15043abc226185d6f4088b93eefb (3/8)
Getting image source signatures
Copying blob sha256:2f965345363b5c02bee370b2ecbf813e64c4f8df6b83e251877d3bb09eebba8f
Copying blob sha256:df9831efb49cab24dec437e8482f2a9ddbd9e239131fa3ffe095dc1492081e1d
Copying blob sha256:21752e08707a6638705993e6bfb3c10ca133b961f244150e94fd5cdc80a02ce5
Copying blob sha256:a7f73cdbf7c744c3331ef0185e57129804983040b8484e91af064b3bfa14750c
Copying blob sha256:86f385aa2c76a7dd234ab579740a6011f59b0284b9e77b56b88dfad43c2fd58b
Copying blob sha256:327706554bef2e243b4b58c712949ac840d0aa6870343b90edbd6d253959d7cf
Copying blob sha256:c7857c5da399d27d636286334e830d826f44c1ffd7dbe1c2e8b1bdaa2370ccaf
Copying config sha256:88f3b1328b27064c60287bdc0fe4cb616978eb83ee0002d2d2598bb4b408447b
Writing manifest to image destination
Copying image sha256:8a2a2c7e46983659a6c752eb16a3f6ab0348a50ae3a6535ba5ce942bf8f379d4 (4/8)
Getting image source signatures
Copying blob sha256:87adbcf24c2a33e3b1e0747a0fb268bf3eaaad677d2fb373301fc1c4df3f625d
Copying blob sha256:ab09f0304461eaa0c53a31365e6f50713f25f1271370f90f06a7f613a7a48180
Copying config sha256:11b2ce3a918f9f3a54da27cf20c4559f501cd5bb66f12ac3e330cde9478bcf9e
Writing manifest to image destination
Copying image sha256:21567f754b7b0fd738b46f5b07818f390a1351531e2aa03c76a80631bdad1558 (5/8)
Getting image source signatures
Copying blob sha256:69dabc99bc05586d966fb5ea51487a4d080b6dfac0c01db1249c73ecbe8ed139
Copying blob sha256:1216778738c2d0f00bc38a90447aff403e59888e07d78e8b1c4f2dde2aa2eded
Copying blob sha256:7bdb408c91e88146791db291cb121f09d35e30d6e072b5574630e63d8fcaa84d
Copying blob sha256:b47b1a738c43d923b44f4a7a2b8443d72606568952acfc0b392bcf20613a2ff5
Copying blob sha256:cee8c75408fb545ab55e5cbdf6e0c4e4b171baf24f9b88c760adbc0ef14b65b4
Copying blob sha256:12fd755399b9c7323fd96b40a78a5e5e123878fa481c517d7cb1672f297a2b8b
Copying blob sha256:258e452c8cfb6f0b2da38f02398c749d7acb1861695df7dd6883ebc88623657d
Copying config sha256:c7f3cc5b1b63525d6ddaf764465965b91aaaefad91a7fb151f130bf936607619
Writing manifest to image destination
Copying image sha256:dd0dbe1b5df0805edc1d135ca01c8e80ae5cd87dd197d595da44cd71ed069821 (6/8)
Getting image source signatures
Copying blob sha256:7c03e1bfae2f620afbd9b5412f35272dce32d1c8d68e7f4030b0abf4cf191060
Copying blob sha256:a84a9f3cc276e76364d8202bff9bce9884360e5f3615c62e1f3988bf356e79db
Copying config sha256:54a969d107eee4d42730cff6133a12b1028dcd196decdf6dab7c6a3ea2521d8e
Writing manifest to image destination
Copying image sha256:1ecc5ac5eca9522f5c59a81c5835f16ffd9585a76c071f3532f749ce88f7e7b4 (7/8)
Getting image source signatures
Copying blob sha256:ad821fa5c9f3ce54e37cb757e29fbff327361e54cef0dd6f7ceaae14ee204962
Copying blob sha256:606d7b170e34e7dca9460179c992b6eda381e85641ec044682549ce9ced27e23
Copying blob sha256:ba2bbd0c87db4912aa02105f94da02b8ad1b968fd4cc467fa0c7c68bfde6d6e2
Copying blob sha256:e171de089919cf9725221bfd863a1283919b0c9a94568de0bbce5db73d2ddff0
Copying blob sha256:4fa5909705ed31afb84ab2553d116bab0c0b25c6b7c7255b16d15a7ab63f4e31
Copying blob sha256:cf1b78aae7260f76f502ab7b85bc020f8bd10bf4a2140f84573948d91aba0b30
Copying blob sha256:9df543aaa888be67bfd8740e052bc22f3237f673b0560b4afe6a9fa0fe5c1779
Copying config sha256:e6ade459ec9ca6045b1e353eeeccb2b46609c0554fd45e33828b4195367fe473
Writing manifest to image destination
Copying image sha256:3bafdc70239d97334c32409e37416596568d1f588c0aec15f2c126a09820baa3 (8/8)
Getting image source signatures
Copying blob sha256:dfd0e3398aef4f3d2d94b041198b3858640b899f17d5099b18d00171a167e096
Copying blob sha256:bf3f91635b8290318861ce6689ae7879655316653cf3efbd438e7bc63cda890c
Copying config sha256:9cca7f060a37e59714a048c7aa329bfe0d58be7ae8eddec4fc086dc78aee9497
Writing manifest to image destination
Writing manifest list to image destination
Storing list signatures
✅ 完成: swr.ap-southeast-1.myhuaweicloud.com/opencumt/node:latest
----------------------------------------
🔄 同步: docker://debian:latest → docker://swr.ap-southeast-1.myhuaweicloud.com/opencumt/debian:latest
Getting image list signatures
Copying 16 images generated from 16 images in list
Copying image sha256:bcf83fd8af414eda0c0a99d25a4e61dedd88e7aac7f7bc519d04555ff0c40ec5 (1/16)
Getting image source signatures
Copying blob sha256:4846f29007305297af653c57bf9b60ba8f676a38695c68d98460063442581671
Copying config sha256:99339bdd341ab316eeae3dcf870b98bc7243d99269d01666b0f49a565c1399da
Writing manifest to image destination
Copying image sha256:65fa608f121a72743b2e96f8c7da77b377bb3840882bca436f3ce752baf1705e (2/16)
Getting image source signatures
Copying blob sha256:50f5607b0ccc959c2470e56bf957761f48514ced7e8da960b979a079bdfc65d4
Copying config sha256:aea31dcb9ddfdb3e5290d92e397d6b370e75465d4d52fc7e6ed62e49e5cbdfd3
Writing manifest to image destination
Copying image sha256:1e2e1f741a1a3268ff27efdb666331aaca8e9ab40917b82bf1db6d45f9309bb8 (3/16)
Getting image source signatures
Copying blob sha256:2613b9f9cbe1793f19a07be0819263568ab684ead60cadb1613eb4f2868871cc
Copying config sha256:5cb77311ce8dd4aed33e57d18620a55753b8724fb5cead4a1c6dfe2eb6e404d0
Writing manifest to image destination
Copying image sha256:6398c41b457f727e02f0616ca769013945912b0bdde7f0f19b350f7cd7d8eb43 (4/16)
Getting image source signatures
Copying blob sha256:76cafbbbb77a681fea52db0ff5bda7fea479a9764e184d774dc013991ee571df
Copying config sha256:f46f6746c4afc81774deb5d3ab2d9c941a48763544ba99c3b3ede8c9968f5a5e
Writing manifest to image destination
Copying image sha256:2664039ac125e0c7ae0cb769c4c19658d4707f0c593743d22e86a1fbd228eb34 (5/16)
Getting image source signatures
Copying blob sha256:b2e7b40559933644a31714a37346ff1796717d607ea763ad445b388befffd0bb
Copying config sha256:a219fdafecf7e404566224a118aaa2f1ed453285d61019111492c1499cb39111
Writing manifest to image destination
Copying image sha256:723cc635b1e08196ae987681b1ffe3f3cadac34edf254ee72fc5dd52e2fede2b (6/16)
Getting image source signatures
Copying blob sha256:1ffee469955deb12884f8e293fbd723230c671fab916448608e12a8210344b8b
Copying config sha256:ec8243c1ae1d801dfb20caafc06d6a54dd3ce95879444472aab39781969f8a13
Writing manifest to image destination
Copying image sha256:b55910b579d6eb05ebd79fbc8468b974fa39bb0610d52e1f1390bb2177ab7614 (7/16)
Getting image source signatures
Copying blob sha256:df9831efb49cab24dec437e8482f2a9ddbd9e239131fa3ffe095dc1492081e1d
Copying config sha256:4bb08c595249772893799a9189839e5a94900e8deaa14885896307e562b51e88
Writing manifest to image destination
Copying image sha256:8bfcb387907098d73a86cc04d1f234f035500f80d794c483cd41424d696ffef0 (8/16)
Getting image source signatures
Copying blob sha256:bac54c2ba2d67fb6e2ac5f785aa21df4c507c072935055addc112b804637257a
Copying config sha256:176b34e403d32e86c3d58e84262cca17c8804e3478e5ce4939fa5689c1113071
Writing manifest to image destination
Copying image sha256:9f57930468610554a84533279a7e5704f04d9ddbab022a1c059c55337baacfd9 (9/16)
Getting image source signatures
Copying blob sha256:ace453750484672581012d135658fd142a37f3cc1464965baca36cee819b3d13
Copying config sha256:f66c30db41ee655ecfed389897819bf36634569ef8081bbe819500feb415133b
Writing manifest to image destination
Copying image sha256:5c4eb3b80947585cee6341e44294e1ad322db7f26c2a4d2c2a0e13bdea5362eb (10/16)
Getting image source signatures
Copying blob sha256:fce68972eaefeb2269b01b04c70e32bf64b61e4e2f14f5422b8adfd31c959865
Copying config sha256:a7e12234fea81e1417317bb4639a6718deb8832a7edb5d7109d5250b302f7947
Writing manifest to image destination
Copying image sha256:1451f3db7f3e5407b4beb83875994c647cd23a3a06fe83338b1136278301ebdc (11/16)
Getting image source signatures
Copying blob sha256:1216778738c2d0f00bc38a90447aff403e59888e07d78e8b1c4f2dde2aa2eded
Copying config sha256:9d84e0b8d47c83cc70c638c599131e97fea615e3bdbefaaec6c64903844124dc
Writing manifest to image destination
Copying image sha256:9e517fb7624c103286554efd5ad9b9d0551c2424c4fb1abdc55d73b1cabb6efc (12/16)
Getting image source signatures
Copying blob sha256:d1ec1f3d5896c4deafc887610ddc603e6ab66625650d05e817bdb4f104708fc0
Copying config sha256:a45d1dd7fc26bda6891c2ab7e8994fc3ceecac62e315ef85eb6b914c43be2edf
Writing manifest to image destination
Copying image sha256:44b44cf865f20150089a7db350187a9e8312853942087edbb4b05f9a31bb8c5c (13/16)
Getting image source signatures
Copying blob sha256:45e9f88af4f41939baf397baad507403b0b2ad7362c860679e184bbd563c9aca
Copying config sha256:fd883713cd38601301cd71df60cea3a3c10bb55a91760b1dc14e2808f8ba326e
Writing manifest to image destination
Copying image sha256:a00e2ed562da60457ce650725939256f8a34dfad098092a24668247c0058567f (14/16)
Getting image source signatures
Copying blob sha256:9c6c8b0838a152958ad98d5059a0c6c1352970c141a2fdf9137e813511514111
Copying config sha256:a2c8d3b0bdc293a6477eb3a8a34a79fdbaf741462d941f1c07bda09043f0a420
Writing manifest to image destination
Copying image sha256:dea6db1127b8e0b13a3f9ae3075ece4a40d3d2e2af1bc6ec27c648970f655e14 (15/16)
Getting image source signatures
Copying blob sha256:e171de089919cf9725221bfd863a1283919b0c9a94568de0bbce5db73d2ddff0
Copying config sha256:5ed5d097304ed7e61ee8313eb28b8920cac7e66fb64938a24a7132331fa6c5ca
Writing manifest to image destination
Copying image sha256:b45c9561e7ec2de0cde4edf9ca0aff92e07b906f25f3bceb643757d50cb4b492 (16/16)
Getting image source signatures
Copying blob sha256:fde9592e5da0061f73063de21481684531b3179ddd602abfe7674eafe7ba0fe5
Copying config sha256:e43463416f8aa8d7b793a5ab10a3449959dd452bfa5e00b474c32d523a6fb680
Writing manifest to image destination
Writing manifest list to image destination
Storing list signatures
✅ 完成: swr.ap-southeast-1.myhuaweicloud.com/opencumt/debian:latest
========================================
🎉 全部任务处理完毕
